"Time (UTCG)","EIRP (dBW)","Rcvd. Frequency (GHz)","Rcvd. Iso. Power (dBW)","adsb_out61-To-adsb_satrcvr2 - Flux Density (dBW/m^2)","adsb_out61-To-adsb_satrcvr2 - g/T (dB/K)","adsb_out61-To-adsb_satrcvr2 - C/No (dB*Hz)","Bandwidth (kHz)","C/N (dB)","Eb/No (dB)","BER"
7 Mar 2014 19:03:10.073,23.979,1.090018,-139.896,-117.691323,-115.791471,-27.087869,8000.000,-96.1188,-87.0879,4.999751e-001
7 Mar 2014 19:04:10.000,23.979,1.090017,-139.131,-116.927202,-116.369335,-26.901613,8000.000,-95.9325,-86.9016,4.999745e-001
7 Mar 2014 19:05:10.000,23.979,1.090015,-138.354,-116.149638,-116.212837,-25.967551,8000.000,-94.9985,-85.9676,4.999716e-001
7 Mar 2014 19:06:10.000,23.979,1.090014,-137.591,-115.387254,-115.329745,-24.322075,8000.000,-93.3530,-84.3221,4.999657e-001
7 Mar 2014 19:07:10.000,23.979,1.090011,-136.889,-114.684748,-113.874100,-22.163924,8000.000,-91.1948,-82.1639,4.999560e-001
7 Mar 2014 19:08:10.000,23.979,1.090008,-136.310,-114.105520,-112.208097,-19.918693,8000.000,-88.9496,-79.9187,4.999431e-001
7 Mar 2014 19:09:10.000,23.979,1.090004,-135.928,-113.723883,-110.878915,-18.207874,8000.000,-87.2388,-78.2079,4.999307e-001
7 Mar 2014 19:10:10.000,23.979,1.090000,-135.807,-113.602815,-110.418810,-17.626700,8000.000,-86.6576,-77.6267,4.999259e-001
7 Mar 2014 19:11:10.000,23.979,1.089995,-135.970,-113.765297,-111.032642,-18.403014,8000.000,-87.4339,-78.4030,4.999322e-001
7 Mar 2014 19:12:10.000,23.979,1.089992,-136.386,-114.181802,-112.452691,-20.239569,8000.000,-89.2705,-80.2396,4.999451e-001
7 Mar 2014 19:13:10.000,23.979,1.089988,-136.990,-114.786173,-114.123782,-22.515031,8000.000,-91.5459,-82.5150,4.999578e-001
7 Mar 2014 19:14:10.000,23.979,1.089986,-137.709,-115.504565,-115.514381,-24.624021,8000.000,-93.6549,-84.6240,4.999669e-001
7 Mar 2014 19:15:10.000,23.979,1.089984,-138.480,-116.275864,-116.291161,-26.172101,8000.000,-95.2030,-86.1721,4.999723e-001
7 Mar 2014 19:16:10.000,23.979,1.089983,-139.262,-117.057810,-116.324057,-26.986943,8000.000,-96.0178,-86.9869,4.999748e-001
7 Mar 2014 19:16:57.453,23.979,1.089982,-139.871,-117.666328,-115.824122,-27.095526,8000.000,-96.1264,-87.0955,4.999751e-001
7 Mar 2014 20:47:15.464,23.979,1.090023,-139.867,-117.662505,-115.838397,-27.105977,8000.000,-96.1369,-87.1060,4.999751e-001
7 Mar 2014 20:48:15.000,23.979,1.090023,-138.853,-116.649117,-116.411502,-26.665695,8000.000,-95.6966,-86.6657,4.999738e-001
7 Mar 2014 20:49:15.000,23.979,1.090023,-137.698,-115.494276,-115.509108,-24.608459,8000.000,-93.6394,-84.6085,4.999668e-001
7 Mar 2014 20:50:15.000,23.979,1.090023,-136.376,-114.172244,-112.432840,-20.210160,8000.000,-89.2411,-80.2102,4.999449e-001
7 Mar 2014 20:51:15.000,23.979,1.090022,-134.844,-112.639654,-106.098508,-12.343237,8000.000,-81.3741,-72.3432,4.998638e-001
7 Mar 2014 20:52:15.000,23.979,1.090021,-133.050,-110.845495,-94.803931,0.745499,8000.000,-68.2854,-59.2545,4.993852e-001
7 Mar 2014 20:53:15.000,23.979,1.090019,-130.963,-108.758568,-76.170526,21.465830,8000.000,-47.5651,-38.5342,4.933212e-001
7 Mar 2014 20:54:15.000,23.979,1.090014,-128.712,-106.507384,-49.038510,50.849031,8000.000,-18.1819,-9.1510,3.109583e-001
7 Mar 2014 20:55:15.000,23.979,1.090005,-127.037,-104.832450,-23.804866,77.757608,8000.000,8.7267,17.7576,4.408740e-028
7 Mar 2014 20:56:15.000,23.979,1.089993,-127.288,-105.083691,-27.872306,73.438927,8000.000,4.4080,13.4389,1.521393e-011
7 Mar 2014 20:57:15.000,23.979,1.089984,-129.209,-107.005180,-55.683272,43.706473,8000.000,-25.3244,-16.2935,4.142250e-001
7 Mar 2014 20:58:15.000,23.979,1.089980,-131.457,-109.252468,-81.117642,16.024814,8000.000,-53.0061,-43.9752,4.964301e-001
7 Mar 2014 20:59:15.000,23.979,1.089979,-133.480,-111.275798,-97.885921,-2.766794,8000.000,-71.7977,-62.7668,4.995897e-001
7 Mar 2014 21:00:15.000,23.979,1.089978,-135.212,-113.007720,-107.876263,-14.489059,8000.000,-83.5200,-74.4891,4.998936e-001
7 Mar 2014 21:01:15.000,23.979,1.089977,-136.694,-114.489527,-113.352158,-21.446761,8000.000,-90.4777,-81.4468,4.999522e-001
7 Mar 2014 21:02:15.000,23.979,1.089977,-137.976,-115.771399,-115.857346,-25.233821,8000.000,-94.2647,-85.2338,4.999691e-001
7 Mar 2014 21:03:15.000,23.979,1.089977,-139.099,-116.894351,-116.370057,-26.869483,8000.000,-95.9004,-86.8695,4.999744e-001
7 Mar 2014 21:04:02.261,23.979,1.089977,-139.892,-117.687652,-115.788157,-27.080885,8000.000,-96.1118,-87.0809,4.999750e-001
7 Mar 2014 22:33:11.742,23.979,1.090021,-139.865,-117.660714,-115.716164,-26.981954,8000.000,-96.0129,-86.9820,4.999747e-001
7 Mar 2014 22:34:11.000,23.979,1.090021,-138.939,-116.734973,-116.272477,-26.612526,8000.000,-95.6434,-86.6125,4.999736e-001
7 Mar 2014 22:35:11.000,23.979,1.090020,-137.916,-115.711551,-115.646721,-24.963347,8000.000,-93.9942,-84.9633,4.999681e-001
7 Mar 2014 22:36:11.000,23.979,1.090019,-136.804,-114.599832,-113.486121,-21.691029,8000.000,-90.7219,-81.6910,4.999536e-001
7 Mar 2014 22:37:11.000,23.979,1.090018,-135.617,-113.412450,-109.459082,-16.476608,8000.000,-85.5075,-76.4766,4.999154e-001
7 Mar 2014 22:38:11.000,23.979,1.090015,-134.400,-112.195647,-103.458618,-9.259340,8000.000,-78.2902,-69.2593,4.998057e-001
7 Mar 2014 22:39:11.000,23.979,1.090011,-133.267,-111.063054,-96.129304,-0.797434,8000.000,-69.8283,-60.7974,4.994853e-001
7 Mar 2014 22:40:11.000,23.979,1.090006,-132.431,-110.226339,-89.606112,6.562474,8000.000,-62.4684,-53.4375,4.987990e-001
7 Mar 2014 22:41:11.000,23.979,1.089999,-132.148,-109.943502,-87.180583,9.270839,8000.000,-59.7601,-50.7292,4.983595e-001
7 Mar 2014 22:42:11.000,23.979,1.089993,-132.531,-110.326904,-90.430150,5.637871,8000.000,-63.3930,-54.3621,4.989203e-001
7 Mar 2014 22:43:11.000,23.979,1.089988,-133.431,-111.226620,-97.274276,-2.105972,8000.000,-71.1369,-62.1060,4.995573e-001
7 Mar 2014 22:44:11.000,23.979,1.089984,-134.586,-112.382038,-104.476899,-10.464013,8000.000,-79.4949,-70.4640,4.998309e-001
7 Mar 2014 22:45:11.000,23.979,1.089982,-135.801,-113.597271,-110.173605,-17.375952,8000.000,-86.4069,-77.3760,4.999237e-001
7 Mar 2014 22:46:11.000,23.979,1.089981,-136.976,-114.772181,-113.889428,-22.266685,8000.000,-91.2976,-82.2667,4.999565e-001
7 Mar 2014 22:47:11.000,23.979,1.089980,-138.072,-115.867812,-115.791489,-25.264377,8000.000,-94.2953,-85.2644,4.999692e-001
7 Mar 2014 22:48:11.000,23.979,1.089979,-139.079,-116.874789,-116.220397,-26.700261,8000.000,-95.7312,-86.7003,4.999739e-001
7 Mar 2014 22:49:06.238,23.979,1.089979,-139.930,-117.725918,-115.599610,-26.930604,8000.000,-95.9615,-86.9306,4.999746e-001

"Time (UTCG)","EIRP (dBW)","Rcvd. Frequency (GHz)","Rcvd. Iso. Power (dBW)","adsb_out61-To-adsb_satrcvr21 - Flux Density (dBW/m^2)","adsb_out61-To-adsb_satrcvr21 - g/T (dB/K)","adsb_out61-To-adsb_satrcvr21 - C/No (dB*Hz)","Bandwidth (kHz)","C/N (dB)","Eb/No (dB)","BER"
7 Mar 2014 18:46:11.073,23.979,1.090018,-139.899,-117.695273,-115.776471,-27.076820,8000.000,-96.1077,-87.0768,4.999750e-001
7 Mar 2014 18:47:11.000,23.979,1.090016,-139.153,-116.948947,-116.350394,-26.904417,8000.000,-95.9353,-86.9044,4.999745e-001
7 Mar 2014 18:48:11.000,23.979,1.090014,-138.421,-116.216312,-116.240474,-26.061862,8000.000,-95.0928,-86.0619,4.999719e-001
7 Mar 2014 18:49:11.000,23.979,1.090011,-137.745,-115.540405,-115.546978,-24.692458,8000.000,-93.7234,-84.6925,4.999671e-001
7 Mar 2014 18:50:11.000,23.979,1.090008,-137.226,-115.021595,-114.630137,-23.256807,8000.000,-92.2877,-83.2568,4.999612e-001
7 Mar 2014 18:51:11.000,23.979,1.090005,-136.862,-114.657719,-113.786409,-22.049204,8000.000,-91.0801,-82.0492,4.999554e-001
7 Mar 2014 18:52:11.000,23.979,1.090001,-136.701,-114.496606,-113.360077,-21.461758,8000.000,-90.4927,-81.4618,4.999523e-001
7 Mar 2014 18:53:11.000,23.979,1.089997,-136.767,-114.562702,-113.539689,-21.707467,8000.000,-90.7384,-81.7075,4.999536e-001
7 Mar 2014 18:54:11.000,23.979,1.089993,-137.050,-114.846264,-114.246150,-22.697489,8000.000,-91.7284,-82.6975,4.999586e-001
7 Mar 2014 18:55:11.000,23.979,1.089990,-137.512,-115.307816,-115.180251,-24.093143,8000.000,-93.1240,-84.0931,4.999648e-001
7 Mar 2014 18:56:11.000,23.979,1.089988,-138.098,-115.894122,-115.983230,-25.482427,8000.000,-94.5133,-85.4824,4.999700e-001
7 Mar 2014 18:57:11.000,23.979,1.089986,-138.758,-116.554043,-116.375336,-26.534454,8000.000,-95.5654,-86.5345,4.999734e-001
7 Mar 2014 18:58:11.000,23.979,1.089984,-139.451,-117.247105,-116.204692,-27.056872,8000.000,-96.0878,-87.0569,4.999750e-001
7 Mar 2014 18:58:47.059,23.979,1.089983,-139.872,-117.667342,-115.810508,-27.082926,8000.000,-96.1138,-87.0829,4.999750e-001
7 Mar 2014 20:29:47.706,23.979,1.090023,-139.870,-117.666168,-115.841610,-27.112854,8000.000,-96.1438,-87.1129,4.999751e-001
7 Mar 2014 20:30:47.000,23.979,1.090023,-138.879,-116.674551,-116.421480,-26.701107,8000.000,-95.7320,-86.7011,4.999739e-001
7 Mar 2014 20:31:47.000,23.979,1.090022,-137.752,-115.547744,-115.597724,-24.750543,8000.000,-93.7814,-84.7505,4.999673e-001
7 Mar 2014 20:32:47.000,23.979,1.090022,-136.475,-114.271050,-112.750698,-20.626823,8000.000,-89.6577,-80.6268,4.999475e-001
7 Mar 2014 20:33:47.000,23.979,1.090021,-135.020,-112.815482,-106.992572,-13.413130,8000.000,-82.4440,-73.4131,4.998796e-001
7 Mar 2014 20:34:47.000,23.979,1.090020,-133.364,-111.159436,-97.106303,-1.870815,8000.000,-70.9017,-61.8708,4.995451e-001
7 Mar 2014 20:35:47.000,23.979,1.090017,-131.535,-109.330390,-81.903134,15.161401,8000.000,-53.8695,-44.8386,4.967679e-001
7 Mar 2014 20:36:47.000,23.979,1.090012,-129.742,-107.538106,-62.423567,36.433251,8000.000,-32.5976,-23.5667,4.626362e-001
7 Mar 2014 20:37:47.000,23.979,1.090003,-128.616,-106.411493,-47.740284,52.243147,8000.000,-16.7878,-7.7569,2.812974e-001
7 Mar 2014 20:38:47.000,23.979,1.089993,-128.914,-106.709815,-51.814041,47.871069,8000.000,-21.1598,-12.1289,3.631692e-001
7 Mar 2014 20:39:47.000,23.979,1.089986,-130.404,-108.199630,-70.150346,28.044948,8000.000,-40.9860,-31.9551,4.857577e-001
7 Mar 2014 20:40:47.000,23.979,1.089982,-132.259,-110.054396,-88.461425,7.879104,8000.000,-61.1518,-52.1209,4.986024e-001
7 Mar 2014 20:41:47.000,23.979,1.089980,-134.033,-111.828473,-101.521997,-6.955546,8000.000,-75.9864,-66.9555,4.997467e-001
7 Mar 2014 20:42:47.000,23.979,1.089978,-135.612,-113.407671,-109.647043,-16.659790,8000.000,-85.6907,-76.6598,4.999171e-001
7 Mar 2014 20:43:47.000,23.979,1.089978,-136.997,-114.792341,-114.144628,-22.542044,8000.000,-91.5729,-82.5420,4.999579e-001
7 Mar 2014 20:44:47.000,23.979,1.089978,-138.214,-116.009348,-116.110297,-25.724721,8000.000,-94.7556,-85.7247,4.999708e-001
7 Mar 2014 20:45:47.000,23.979,1.089977,-139.291,-117.086991,-116.312765,-27.004832,8000.000,-96.0357,-87.0048,4.999748e-001
7 Mar 2014 20:46:23.328,23.979,1.089977,-139.886,-117.682064,-115.806421,-27.093561,8000.000,-96.1245,-87.0936,4.999751e-001
7 Mar 2014 22:15:24.693,23.979,1.090022,-139.862,-117.658055,-115.748914,-27.012045,8000.000,-96.0429,-87.0120,4.999748e-001
7 Mar 2014 22:16:24.000,23.979,1.090022,-138.906,-116.702050,-116.306014,-26.613140,8000.000,-95.6440,-86.6131,4.999737e-001
7 Mar 2014 22:17:24.000,23.979,1.090021,-137.837,-115.633142,-115.583022,-24.821239,8000.000,-93.8521,-84.8212,4.999676e-001
7 Mar 2014 22:18:24.000,23.979,1.090020,-136.655,-114.450966,-113.122871,-21.178913,8000.000,-90.2098,-81.1789,4.999507e-001
7 Mar 2014 22:19:24.000,23.979,1.090019,-135.358,-113.153360,-108.392626,-15.151062,8000.000,-84.1820,-75.1511,4.999014e-001
7 Mar 2014 22:20:24.000,23.979,1.090017,-133.970,-111.765959,-100.938256,-6.309291,8000.000,-75.3402,-66.3093,4.997271e-001
7 Mar 2014 22:21:24.000,23.979,1.090014,-132.590,-110.385895,-90.995058,5.013971,8000.000,-64.0169,-54.9860,4.989951e-001
7 Mar 2014 22:22:24.000,23.979,1.090008,-131.457,-109.252328,-80.877269,16.265327,8000.000,-52.7656,-43.7347,4.963298e-001
7 Mar 2014 22:23:24.000,23.979,1.090001,-130.951,-108.746481,-75.775445,21.872998,8000.000,-47.1579,-38.1270,4.930007e-001
7 Mar 2014 22:24:24.000,23.979,1.089993,-131.318,-109.114005,-79.509727,17.771193,8000.000,-51.2597,-42.2288,4.956351e-001
7 Mar 2014 22:25:24.000,23.979,1.089987,-132.375,-110.170345,-89.190783,7.033796,8000.000,-61.9971,-52.9662,4.987320e-001
7 Mar 2014 22:26:24.000,23.979,1.089984,-133.733,-111.529044,-99.388665,-4.522785,8000.000,-73.5537,-64.5228,4.996648e-001
7 Mar 2014 22:27:24.000,23.979,1.089981,-135.127,-112.922619,-107.297599,-13.825293,8000.000,-82.8562,-73.8253,4.998851e-001
7 Mar 2014 22:28:24.000,23.979,1.089980,-136.440,-114.235754,-112.454678,-20.295508,8000.000,-89.3264,-80.2955,4.999455e-001
7 Mar 2014 22:29:24.000,23.979,1.089979,-137.639,-115.434982,-115.259350,-24.299407,8000.000,-93.3303,-84.2994,4.999656e-001
7 Mar 2014 22:30:24.000,23.979,1.089979,-138.724,-116.519681,-116.248803,-26.373560,8000.000,-95.4045,-86.3736,4.999729e-001
7 Mar 2014 22:31:24.000,23.979,1.089978,-139.704,-117.500095,-115.884341,-26.989511,8000.000,-96.0204,-86.9895,4.999748e-001
7 Mar 2014 22:31:38.286,23.979,1.089978,-139.924,-117.719549,-115.638991,-26.963616,8000.000,-95.9945,-86.9636,4.999747e-001

"Time (UTCG)","EIRP (dBW)","Rcvd. Frequency (GHz)","Rcvd. Iso. Power (dBW)","adsb_out61-To-adsb_satrcvr211 - Flux Density (dBW/m^2)","adsb_out61-To-adsb_satrcvr211 - g/T (dB/K)","adsb_out61-To-adsb_satrcvr211 - C/No (dB*Hz)","Bandwidth (kHz)","C/N (dB)","Eb/No (dB)","BER"
7 Mar 2014 18:30:23.761,23.979,1.090015,-139.896,-117.691621,-115.788603,-27.085300,8000.000,-96.1162,-87.0853,4.999750e-001
7 Mar 2014 18:31:23.000,23.979,1.090014,-139.274,-117.070045,-116.312437,-26.987557,8000.000,-96.0185,-86.9876,4.999748e-001
7 Mar 2014 18:32:23.000,23.979,1.090011,-138.697,-116.492293,-116.368630,-26.465999,8000.000,-95.4969,-86.4660,4.999732e-001
7 Mar 2014 18:33:23.000,23.979,1.090008,-138.212,-116.007316,-116.095394,-25.707786,8000.000,-94.7387,-85.7078,4.999708e-001
7 Mar 2014 18:34:23.000,23.979,1.090005,-137.865,-115.661146,-115.721030,-24.987252,8000.000,-94.0182,-84.9873,4.999682e-001
7 Mar 2014 18:35:23.000,23.979,1.090001,-137.699,-115.494922,-115.487491,-24.587489,8000.000,-93.6184,-84.5875,4.999667e-001
7 Mar 2014 18:36:23.000,23.979,1.089997,-137.736,-115.531460,-115.540101,-24.676637,8000.000,-93.7075,-84.6766,4.999671e-001
7 Mar 2014 18:37:23.000,23.979,1.089994,-137.970,-115.766149,-115.845918,-25.217143,8000.000,-94.2480,-85.2171,4.999691e-001
7 Mar 2014 18:38:23.000,23.979,1.089991,-138.373,-116.168886,-116.212062,-25.986023,8000.000,-95.0169,-85.9860,4.999717e-001
7 Mar 2014 18:39:23.000,23.979,1.089988,-138.900,-116.695526,-116.387278,-26.687879,8000.000,-95.7188,-86.6879,4.999739e-001
7 Mar 2014 18:40:23.000,23.979,1.089986,-139.505,-117.300897,-116.163489,-27.069461,8000.000,-96.1004,-87.0695,4.999750e-001
7 Mar 2014 18:40:57.520,23.979,1.089985,-139.874,-117.669710,-115.803995,-27.078780,8000.000,-96.1097,-87.0788,4.999750e-001
7 Mar 2014 20:12:23.062,23.979,1.090022,-139.875,-117.670508,-115.840112,-27.115696,8000.000,-96.1466,-87.1157,4.999751e-001
7 Mar 2014 20:13:23.000,23.979,1.090022,-138.900,-116.695897,-116.426257,-26.727230,8000.000,-95.7581,-86.7272,4.999740e-001
7 Mar 2014 20:14:23.000,23.979,1.090021,-137.816,-115.611655,-115.691908,-24.908638,8000.000,-93.9395,-84.9086,4.999679e-001
7 Mar 2014 20:15:23.000,23.979,1.090021,-136.608,-114.403566,-113.147565,-21.156207,8000.000,-90.1871,-81.1562,4.999506e-001
7 Mar 2014 20:16:23.000,23.979,1.090020,-135.266,-113.062271,-108.167035,-14.834381,8000.000,-83.8653,-74.8344,4.998977e-001
7 Mar 2014 20:17:23.000,23.979,1.090018,-133.806,-111.601803,-100.110097,-5.316975,8000.000,-74.3479,-65.3170,4.996941e-001
7 Mar 2014 20:18:23.000,23.979,1.090014,-132.310,-110.105418,-88.918077,7.371429,8000.000,-61.6595,-52.6286,4.986818e-001
7 Mar 2014 20:19:23.000,23.979,1.090009,-131.020,-108.815590,-76.795350,20.783985,8000.000,-48.2469,-39.2160,4.938254e-001
7 Mar 2014 20:20:23.000,23.979,1.090001,-130.382,-108.177748,-69.924096,28.293080,8000.000,-40.7378,-31.7069,4.853452e-001
7 Mar 2014 20:21:23.000,23.979,1.089993,-130.736,-108.531560,-73.805980,24.057384,8000.000,-44.9735,-35.9426,4.909997e-001
7 Mar 2014 20:22:23.000,23.979,1.089987,-131.883,-109.678358,-85.157305,11.559262,8000.000,-57.4716,-48.4407,4.978651e-001
7 Mar 2014 20:23:23.000,23.979,1.089983,-133.354,-111.150095,-97.041857,-1.797027,8000.000,-70.8279,-61.7970,4.995413e-001
7 Mar 2014 20:24:23.000,23.979,1.089981,-134.842,-112.637871,-106.102318,-12.345264,8000.000,-81.3762,-72.3453,4.998638e-001
7 Mar 2014 20:25:23.000,23.979,1.089979,-136.225,-114.021177,-111.949596,-19.575849,8000.000,-88.6067,-79.5758,4.999408e-001
7 Mar 2014 20:26:23.000,23.979,1.089979,-137.476,-115.271706,-115.148969,-24.025750,8000.000,-93.0567,-84.0258,4.999645e-001
7 Mar 2014 20:27:23.000,23.979,1.089978,-138.599,-116.394431,-116.356806,-26.356313,8000.000,-95.3872,-86.3563,4.999729e-001
7 Mar 2014 20:28:23.000,23.979,1.089978,-139.608,-117.403714,-116.105896,-27.114685,8000.000,-96.1456,-87.1147,4.999751e-001
7 Mar 2014 20:28:40.371,23.979,1.089978,-139.881,-117.676959,-115.820278,-27.102314,8000.000,-96.1332,-87.1023,4.999751e-001
7 Mar 2014 21:57:40.291,23.979,1.090022,-139.861,-117.656633,-115.776845,-27.038553,8000.000,-96.0695,-87.0386,4.999749e-001
7 Mar 2014 21:58:40.000,23.979,1.090022,-138.872,-116.668020,-116.334623,-26.607719,8000.000,-95.6386,-86.6077,4.999736e-001
7 Mar 2014 21:59:40.000,23.979,1.090022,-137.762,-115.558107,-115.512877,-24.676059,8000.000,-93.7070,-84.6761,4.999671e-001
7 Mar 2014 22:00:40.000,23.979,1.090021,-136.515,-114.310992,-112.754879,-20.670947,8000.000,-89.7018,-80.6709,4.999478e-001
7 Mar 2014 22:01:40.000,23.979,1.090020,-135.112,-112.907962,-107.302589,-13.815627,8000.000,-82.8465,-73.8156,4.998850e-001
7 Mar 2014 22:02:40.000,23.979,1.090019,-133.551,-111.347113,-98.246276,-3.198465,8000.000,-72.2294,-63.1985,4.996096e-001
7 Mar 2014 22:03:40.000,23.979,1.090016,-131.894,-109.690037,-85.063707,11.641180,8000.000,-57.3897,-48.3588,4.978448e-001
7 Mar 2014 22:04:40.000,23.979,1.090010,-130.381,-108.176827,-69.674666,28.543431,8000.000,-40.4875,-31.4566,4.849168e-001
7 Mar 2014 22:05:40.000,23.979,1.090002,-129.550,-107.345883,-59.805543,39.243499,8000.000,-29.7874,-20.7565,4.484314e-001
7 Mar 2014 22:06:40.000,23.979,1.089993,-129.899,-107.694492,-64.063688,34.636745,8000.000,-34.3942,-25.3633,4.696023e-001
7 Mar 2014 22:07:40.000,23.979,1.089986,-131.197,-108.992747,-78.362611,19.039566,8000.000,-49.9913,-40.9604,4.949488e-001
7 Mar 2014 22:08:40.000,23.979,1.089982,-132.836,-110.631922,-92.993377,2.769625,8000.000,-66.2613,-57.2304,4.992239e-001
7 Mar 2014 22:09:40.000,23.979,1.089980,-134.451,-112.246802,-103.829287,-9.681165,8000.000,-78.7121,-69.6812,4.998149e-001
7 Mar 2014 22:10:40.000,23.979,1.089979,-135.922,-113.717851,-110.726354,-18.049281,8000.000,-87.0802,-78.0493,4.999294e-001
7 Mar 2014 22:11:40.000,23.979,1.089978,-137.233,-115.028463,-114.548465,-23.182004,8000.000,-92.2129,-83.1820,4.999609e-001
7 Mar 2014 22:12:40.000,23.979,1.089978,-138.397,-116.193110,-116.138439,-25.936625,8000.000,-94.9675,-85.9366,4.999715e-001
7 Mar 2014 22:13:40.000,23.979,1.089978,-139.437,-117.232386,-116.132439,-26.969901,8000.000,-96.0008,-86.9699,4.999747e-001
7 Mar 2014 22:14:10.118,23.979,1.089978,-139.917,-117.712984,-115.675646,-26.993705,8000.000,-96.0246,-86.9937,4.999748e-001
7 Mar 2014 23:44:29.421,23.979,1.090019,-139.887,-117.682830,-115.542665,-26.830571,8000.000,-95.8615,-86.8306,4.999743e-001
7 Mar 2014 23:45:29.000,23.979,1.090018,-139.067,-116.862458,-116.096323,-26.563856,8000.000,-95.5948,-86.5639,4.999735e-001
7 Mar 2014 23:46:29.000,23.979,1.090017,-138.205,-116.001010,-115.775119,-25.381204,8000.000,-94.4121,-85.3812,4.999696e-001
7 Mar 2014 23:47:29.000,23.979,1.090015,-137.330,-115.125413,-114.499614,-23.230103,8000.000,-92.2610,-83.2301,4.999611e-001
7 Mar 2014 23:48:29.000,23.979,1.090013,-136.481,-114.276338,-112.343842,-20.225256,8000.000,-89.2562,-80.2253,4.999450e-001
7 Mar 2014 23:49:29.000,23.979,1.090010,-135.726,-113.521656,-109.661099,-16.787831,8000.000,-85.8187,-76.7878,4.999183e-001
7 Mar 2014 23:50:29.000,23.979,1.090006,-135.161,-112.956488,-107.173664,-13.735227,8000.000,-82.7661,-73.7352,4.998839e-001
7 Mar 2014 23:51:29.000,23.979,1.090001,-134.886,-112.681557,-105.811908,-12.098541,8000.000,-81.1294,-72.0985,4.998599e-001
7 Mar 2014 23:52:29.000,23.979,1.089997,-134.961,-112.757166,-106.189871,-12.552113,8000.000,-81.5830,-72.5521,4.998670e-001
7 Mar 2014 23:53:29.000,23.979,1.089992,-135.370,-113.165781,-108.126708,-14.897565,8000.000,-83.9285,-74.8976,4.998985e-001
7 Mar 2014 23:53:48.529,23.979,1.089991,-135.562,-113.357610,-108.962555,-15.925241,8000.000,-84.9561,-75.9252,4.999098e-001

"Time (UTCG)","EIRP (dBW)","Rcvd. Frequency (GHz)","Rcvd. Iso. Power (dBW)","adsb_out61-To-adsb_satrcvr2111 - Flux Density (dBW/m^2)","adsb_out61-To-adsb_satrcvr2111 - g/T (dB/K)","adsb_out61-To-adsb_satrcvr2111 - C/No (dB*Hz)","Bandwidth (kHz)","C/N (dB)","Eb/No (dB)","BER"
7 Mar 2014 18:14:53.904,23.979,1.090013,-139.892,-117.687595,-115.799954,-27.092625,8000.000,-96.1235,-87.0926,4.999751e-001
7 Mar 2014 18:15:53.000,23.979,1.090010,-139.421,-117.217001,-116.238407,-27.060483,8000.000,-96.0914,-87.0605,4.999750e-001
7 Mar 2014 18:16:53.000,23.979,1.090007,-139.031,-116.827230,-116.392994,-26.825299,8000.000,-95.8562,-86.8253,4.999743e-001
7 Mar 2014 18:17:53.000,23.979,1.090004,-138.762,-116.557308,-116.389076,-26.551460,8000.000,-95.5824,-86.5515,4.999735e-001
7 Mar 2014 18:18:53.000,23.979,1.090001,-138.638,-116.434106,-116.356568,-26.395750,8000.000,-95.4266,-86.3958,4.999730e-001
7 Mar 2014 18:19:53.000,23.979,1.089998,-138.676,-116.471466,-116.366929,-26.443471,8000.000,-95.4744,-86.4435,4.999731e-001
7 Mar 2014 18:20:53.000,23.979,1.089994,-138.870,-116.665653,-116.397720,-26.668448,8000.000,-95.6993,-86.6684,4.999738e-001
7 Mar 2014 18:21:53.000,23.979,1.089991,-139.201,-116.996622,-116.343164,-26.944862,8000.000,-95.9758,-86.9449,4.999746e-001
7 Mar 2014 18:22:53.000,23.979,1.089989,-139.639,-117.434289,-116.062550,-27.101915,8000.000,-96.1328,-87.1019,4.999751e-001
7 Mar 2014 18:23:21.740,23.979,1.089988,-139.876,-117.672128,-115.810295,-27.087500,8000.000,-96.1184,-87.0875,4.999751e-001
7 Mar 2014 19:55:01.302,23.979,1.090021,-139.879,-117.675195,-115.834306,-27.114576,8000.000,-96.1455,-87.1146,4.999751e-001
7 Mar 2014 19:56:01.000,23.979,1.090021,-138.948,-116.743356,-116.425111,-26.773542,8000.000,-95.8044,-86.7735,4.999741e-001
7 Mar 2014 19:57:01.000,23.979,1.090020,-137.923,-115.718753,-115.829821,-25.153649,8000.000,-94.1845,-85.1536,4.999688e-001
7 Mar 2014 19:58:01.000,23.979,1.090019,-136.807,-114.603137,-113.694593,-21.902806,8000.000,-90.9337,-81.9028,4.999547e-001
7 Mar 2014 19:59:01.000,23.979,1.090018,-135.612,-113.407440,-109.668604,-16.681120,8000.000,-85.7120,-76.6811,4.999173e-001
7 Mar 2014 20:00:01.000,23.979,1.090015,-134.380,-112.175525,-103.608720,-9.389321,8000.000,-78.4202,-69.3893,4.998086e-001
7 Mar 2014 20:01:01.000,23.979,1.090012,-133.223,-111.019043,-96.112480,-0.736599,8000.000,-69.7675,-60.7366,4.994817e-001
7 Mar 2014 20:02:01.000,23.979,1.090006,-132.356,-110.152130,-89.315340,6.927454,8000.000,-62.1034,-53.0725,4.987474e-001
7 Mar 2014 20:03:01.000,23.979,1.090000,-132.049,-109.844489,-86.655003,9.895432,8000.000,-59.1355,-50.1046,4.982372e-001
7 Mar 2014 20:04:01.000,23.979,1.089993,-132.426,-110.221856,-89.898035,6.275033,8000.000,-62.7559,-53.7250,4.988381e-001
7 Mar 2014 20:05:01.000,23.979,1.089988,-133.338,-111.133645,-96.931027,-1.669748,8000.000,-70.7006,-61.6697,4.995345e-001
7 Mar 2014 20:06:01.000,23.979,1.089984,-134.513,-112.308807,-104.353923,-10.267806,8000.000,-79.2987,-70.2678,4.998270e-001
7 Mar 2014 20:07:01.000,23.979,1.089982,-135.748,-113.543793,-110.212840,-17.361708,8000.000,-86.3926,-77.3617,4.999236e-001
7 Mar 2014 20:08:01.000,23.979,1.089980,-136.940,-114.735735,-114.022614,-22.363425,8000.000,-91.3943,-82.3634,4.999570e-001
7 Mar 2014 20:09:01.000,23.979,1.089979,-138.050,-115.845413,-115.966287,-25.416775,8000.000,-94.4477,-85.4168,4.999698e-001
7 Mar 2014 20:10:01.000,23.979,1.089979,-139.068,-116.863923,-116.401365,-26.870363,8000.000,-95.9013,-86.8704,4.999744e-001
7 Mar 2014 20:10:52.805,23.979,1.089979,-139.877,-117.672549,-115.829382,-27.107007,8000.000,-96.1379,-87.1070,4.999751e-001
7 Mar 2014 21:39:58.980,23.979,1.090023,-139.861,-117.656540,-115.799675,-27.061291,8000.000,-96.0922,-87.0613,4.999750e-001
7 Mar 2014 21:40:58.000,23.979,1.090023,-138.865,-116.660450,-116.359977,-26.625503,8000.000,-95.6564,-86.6255,4.999737e-001
7 Mar 2014 21:41:58.000,23.979,1.090023,-137.725,-115.520704,-115.488112,-24.613891,8000.000,-93.6448,-84.6139,4.999668e-001
7 Mar 2014 21:42:58.000,23.979,1.090022,-136.428,-114.224230,-112.524876,-20.354181,8000.000,-89.3851,-80.3542,4.999458e-001
7 Mar 2014 21:43:58.000,23.979,1.090022,-134.941,-112.736598,-106.504832,-12.846506,8000.000,-81.8774,-72.8465,4.998714e-001
7 Mar 2014 21:44:58.000,23.979,1.090020,-133.230,-111.025490,-96.029201,-0.659767,8000.000,-69.6907,-60.6598,4.994771e-001
7 Mar 2014 21:45:58.000,23.979,1.090018,-131.303,-109.098578,-79.499075,17.797272,8000.000,-51.2336,-42.2027,4.956220e-001
7 Mar 2014 21:46:58.000,23.979,1.090013,-129.348,-107.143911,-57.328963,41.922050,8000.000,-27.1088,-18.0779,4.299709e-001
7 Mar 2014 21:47:58.000,23.979,1.090004,-128.046,-105.841478,-39.366988,61.186458,8000.000,-7.8444,1.1865,5.248686e-002
7 Mar 2014 21:48:58.000,23.979,1.089993,-128.335,-106.130637,-43.576239,56.688048,8000.000,-12.3429,-3.3120,1.670553e-001
7 Mar 2014 21:49:58.000,23.979,1.089985,-129.965,-107.761095,-64.921936,33.711894,8000.000,-35.3190,-26.2881,4.726675e-001
7 Mar 2014 21:50:58.000,23.979,1.089981,-131.953,-109.749086,-85.634246,11.011591,8000.000,-58.0193,-48.9884,4.979955e-001
7 Mar 2014 21:51:58.000,23.979,1.089979,-133.815,-111.610632,-100.021943,-5.237650,8000.000,-74.2686,-65.2377,4.996913e-001
7 Mar 2014 21:52:58.000,23.979,1.089978,-135.448,-113.244206,-108.849782,-15.699064,8000.000,-84.7300,-75.6991,4.999074e-001
7 Mar 2014 21:53:58.000,23.979,1.089978,-136.868,-114.663478,-113.736316,-22.004869,8000.000,-91.0358,-82.0049,4.999552e-001
7 Mar 2014 21:54:58.000,23.979,1.089977,-138.108,-115.903374,-115.931524,-25.439974,8000.000,-94.4709,-85.4400,4.999698e-001
7 Mar 2014 21:55:58.000,23.979,1.089977,-139.201,-116.996724,-116.278813,-26.880613,8000.000,-95.9115,-86.8806,4.999744e-001
7 Mar 2014 21:56:41.085,23.979,1.089977,-139.911,-117.706542,-115.709005,-27.020623,8000.000,-96.0515,-87.0206,4.999749e-001
7 Mar 2014 23:26:40.784,23.979,1.090020,-139.880,-117.675970,-115.591399,-26.872445,8000.000,-95.9033,-86.8724,4.999744e-001
7 Mar 2014 23:27:40.000,23.979,1.090019,-139.043,-116.839168,-116.144798,-26.589041,8000.000,-95.6199,-86.5890,4.999736e-001
7 Mar 2014 23:28:40.000,23.979,1.090018,-138.151,-115.946964,-115.774231,-25.326270,8000.000,-94.3572,-85.3263,4.999694e-001
7 Mar 2014 23:29:40.000,23.979,1.090016,-137.232,-115.028052,-114.354366,-22.987494,8000.000,-92.0184,-82.9875,4.999600e-001
7 Mar 2014 23:30:40.000,23.979,1.090014,-136.324,-114.120002,-111.909892,-19.634969,8000.000,-88.6659,-79.6350,4.999412e-001
7 Mar 2014 23:31:40.000,23.979,1.090011,-135.495,-113.290399,-108.762223,-15.657698,8000.000,-84.6886,-75.6577,4.999070e-001
7 Mar 2014 23:32:40.000,23.979,1.090007,-134.846,-112.641555,-105.683629,-11.930260,8000.000,-80.9612,-71.9303,4.998571e-001
7 Mar 2014 23:33:40.000,23.979,1.090002,-134.496,-112.291897,-103.795627,-9.692600,8000.000,-78.7235,-69.6926,4.998152e-001
7 Mar 2014 23:34:40.000,23.979,1.089997,-134.527,-112.323102,-103.965217,-9.893394,8000.000,-78.9243,-69.8934,4.998194e-001
7 Mar 2014 23:35:40.000,23.979,1.089992,-134.931,-112.727098,-106.105757,-12.437930,8000.000,-81.4688,-72.4379,4.998653e-001
7 Mar 2014 23:36:40.000,23.979,1.089989,-135.616,-113.411847,-109.255035,-16.271958,8000.000,-85.3029,-76.2720,4.999133e-001
7 Mar 2014 23:37:40.000,23.979,1.089986,-136.463,-114.258744,-112.321553,-20.185373,8000.000,-89.2163,-80.1854,4.999448e-001
7 Mar 2014 23:38:40.000,23.979,1.089984,-137.375,-115.170722,-114.610204,-23.386001,8000.000,-92.4169,-83.3860,4.999618e-001
7 Mar 2014 23:39:40.000,23.979,1.089982,-138.290,-116.085695,-115.859667,-25.550438,8000.000,-94.5813,-85.5504,4.999702e-001
7 Mar 2014 23:40:40.000,23.979,1.089981,-139.174,-116.969981,-116.076112,-26.651168,8000.000,-95.6821,-86.6512,4.999738e-001
7 Mar 2014 23:41:35.292,23.979,1.089980,-139.948,-117.744022,-115.466763,-26.815861,8000.000,-95.8468,-86.8159,4.999743e-001

"Time (UTCG)","EIRP (dBW)","Rcvd. Frequency (GHz)","Rcvd. Iso. Power (dBW)","adsb_out61-To-adsb_satrcvr2112 - Flux Density (dBW/m^2)","adsb_out61-To-adsb_satrcvr2112 - g/T (dB/K)","adsb_out61-To-adsb_satrcvr2112 - C/No (dB*Hz)","Bandwidth (kHz)","C/N (dB)","Eb/No (dB)","BER"
7 Mar 2014 18:00:13.686,23.979,1.090005,-139.888,-117.683335,-115.807042,-27.095452,8000.000,-96.1264,-87.0955,4.999751e-001
7 Mar 2014 18:01:13.000,23.979,1.090003,-139.725,-117.520648,-115.988882,-27.114606,8000.000,-96.1455,-87.1146,4.999751e-001
7 Mar 2014 18:02:13.000,23.979,1.090000,-139.674,-117.469530,-116.038899,-27.113505,8000.000,-96.1444,-87.1135,4.999751e-001
7 Mar 2014 18:03:13.000,23.979,1.089997,-139.741,-117.536917,-115.971225,-27.113218,8000.000,-96.1441,-87.1132,4.999751e-001
7 Mar 2014 18:04:02.067,23.979,1.089995,-139.881,-117.676637,-115.813498,-27.095211,8000.000,-96.1261,-87.0952,4.999751e-001
7 Mar 2014 19:37:42.118,23.979,1.090020,-139.885,-117.680338,-115.824089,-27.109503,8000.000,-96.1404,-87.1095,4.999751e-001
7 Mar 2014 19:38:42.000,23.979,1.090020,-138.998,-116.794165,-116.416530,-26.815770,8000.000,-95.8467,-86.8158,4.999743e-001
7 Mar 2014 19:39:42.000,23.979,1.090019,-138.046,-115.841871,-115.965918,-25.412865,8000.000,-94.4438,-85.4129,4.999697e-001
7 Mar 2014 19:40:42.000,23.979,1.090018,-137.039,-114.834726,-114.261208,-22.701010,8000.000,-91.7319,-82.7010,4.999587e-001
7 Mar 2014 19:41:42.000,23.979,1.090016,-136.005,-113.800852,-111.188266,-18.594194,8000.000,-87.6251,-78.5942,4.999337e-001
7 Mar 2014 19:42:42.000,23.979,1.090013,-135.007,-112.802455,-106.932405,-13.339936,8000.000,-82.3708,-73.3399,4.998785e-001
7 Mar 2014 19:43:42.000,23.979,1.090009,-134.157,-111.953060,-102.298560,-7.856696,8000.000,-76.8876,-67.8567,4.997717e-001
7 Mar 2014 19:44:42.000,23.979,1.090004,-133.618,-111.413448,-98.862720,-3.881244,8000.000,-72.9121,-63.8812,4.996391e-001
7 Mar 2014 19:45:42.000,23.979,1.089998,-133.533,-111.328444,-98.285857,-3.219377,8000.000,-72.2503,-63.2194,4.996105e-001
7 Mar 2014 19:46:42.000,23.979,1.089993,-133.929,-111.724997,-100.892226,-6.222299,8000.000,-75.2532,-66.2223,4.997244e-001
7 Mar 2014 19:47:42.000,23.979,1.089988,-134.693,-112.489219,-105.330750,-11.425045,8000.000,-80.4559,-71.4250,4.998486e-001
7 Mar 2014 19:48:42.000,23.979,1.089985,-135.659,-113.455090,-109.855727,-16.915894,8000.000,-85.9468,-76.9159,4.999195e-001
7 Mar 2014 19:49:42.000,23.979,1.089983,-136.694,-114.489750,-113.381955,-21.476781,8000.000,-90.5077,-81.4768,4.999524e-001
7 Mar 2014 19:50:42.000,23.979,1.089981,-137.719,-115.514620,-115.546753,-24.666449,8000.000,-93.6973,-84.6664,4.999670e-001
7 Mar 2014 19:51:42.000,23.979,1.089980,-138.696,-116.491700,-116.391193,-26.487968,8000.000,-95.5189,-86.4880,4.999733e-001
7 Mar 2014 19:52:42.000,23.979,1.089980,-139.610,-117.406280,-116.107182,-27.118538,8000.000,-96.1494,-87.1185,4.999751e-001
7 Mar 2014 19:53:00.092,23.979,1.089979,-139.873,-117.669163,-115.833262,-27.107500,8000.000,-96.1384,-87.1075,4.999751e-001
7 Mar 2014 21:22:21.030,23.979,1.090023,-139.862,-117.657524,-115.817566,-27.080166,8000.000,-96.1111,-87.0802,4.999750e-001
7 Mar 2014 21:23:21.000,23.979,1.090023,-138.837,-116.632297,-116.379615,-26.616988,8000.000,-95.6479,-86.6170,4.999737e-001
7 Mar 2014 21:24:21.000,23.979,1.090023,-137.675,-115.470713,-115.437925,-24.513714,8000.000,-93.5446,-84.5137,4.999664e-001
7 Mar 2014 21:25:21.000,23.979,1.090023,-136.343,-114.138805,-112.284813,-20.028693,8000.000,-89.0596,-80.0287,4.999438e-001
7 Mar 2014 21:26:21.000,23.979,1.090022,-134.795,-112.590738,-105.796710,-11.992523,8000.000,-81.0234,-71.9925,4.998582e-001
7 Mar 2014 21:27:21.000,23.979,1.090021,-132.975,-110.770417,-94.176772,1.447735,8000.000,-67.5832,-58.5523,4.993335e-001
7 Mar 2014 21:28:21.000,23.979,1.090019,-130.840,-108.636095,-74.810398,22.948431,8000.000,-46.0825,-37.0516,4.920783e-001
7 Mar 2014 21:29:21.000,23.979,1.090015,-128.504,-106.299989,-46.058629,54.036306,8000.000,-14.9946,-5.9637,2.383084e-001
7 Mar 2014 21:30:21.000,23.979,1.090005,-126.729,-104.524560,-18.564002,83.306362,8000.000,14.2755,23.3064,1.000000e-030
7 Mar 2014 21:31:21.000,23.979,1.089992,-126.998,-104.793289,-23.046852,78.554784,8000.000,9.5239,18.5548,1.000000e-030
7 Mar 2014 21:32:21.000,23.979,1.089984,-129.023,-106.819215,-53.147083,46.428627,8000.000,-22.6023,-13.5714,3.834446e-001
7 Mar 2014 21:33:21.000,23.979,1.089980,-131.345,-109.140397,-79.944700,17.309828,8000.000,-51.7211,-42.6902,4.958609e-001
7 Mar 2014 21:34:21.000,23.979,1.089978,-133.408,-111.203419,-97.317703,-2.126198,8000.000,-71.1571,-62.1262,4.995583e-001
7 Mar 2014 21:35:21.000,23.979,1.089978,-135.161,-112.956841,-107.583898,-14.145815,8000.000,-83.1767,-74.1458,4.998893e-001
7 Mar 2014 21:36:21.000,23.979,1.089977,-136.655,-114.450982,-113.197864,-21.253922,8000.000,-90.2848,-81.2539,4.999512e-001
7 Mar 2014 21:37:21.000,23.979,1.089977,-137.945,-115.740327,-115.779550,-25.124953,8000.000,-94.1559,-85.1250,4.999687e-001
7 Mar 2014 21:38:21.000,23.979,1.089977,-139.072,-116.868001,-116.339179,-26.812256,8000.000,-95.8432,-86.8123,4.999742e-001
7 Mar 2014 21:39:10.520,23.979,1.089977,-139.904,-117.700065,-115.739107,-27.044248,8000.000,-96.0751,-87.0442,4.999749e-001
7 Mar 2014 23:08:50.806,23.979,1.090020,-139.874,-117.669824,-115.636966,-26.911866,8000.000,-95.9428,-86.9119,4.999745e-001
7 Mar 2014 23:09:50.000,23.979,1.090019,-139.011,-116.806360,-116.191347,-26.602783,8000.000,-95.6337,-86.6028,4.999736e-001
7 Mar 2014 23:10:50.000,23.979,1.090019,-138.079,-115.874821,-115.748635,-25.228532,8000.000,-94.2594,-85.2285,4.999691e-001
7 Mar 2014 23:11:50.000,23.979,1.090017,-137.104,-114.899653,-114.125381,-22.630109,8000.000,-91.6610,-82.6301,4.999583e-001
7 Mar 2014 23:12:50.000,23.979,1.090015,-136.117,-113.913237,-111.267837,-18.786149,8000.000,-87.8170,-78.7861,4.999351e-001
7 Mar 2014 23:13:50.000,23.979,1.090012,-135.185,-112.980919,-107.429657,-14.015652,8000.000,-83.0466,-74.0157,4.998876e-001
7 Mar 2014 23:14:50.000,23.979,1.090008,-134.417,-112.212967,-103.424902,-9.242945,8000.000,-78.2738,-69.2429,4.998053e-001
7 Mar 2014 23:15:50.000,23.979,1.090003,-133.957,-111.753164,-100.655569,-6.013809,8000.000,-75.0447,-66.0138,4.997177e-001
7 Mar 2014 23:16:50.000,23.979,1.089998,-133.922,-111.718214,-100.429025,-5.752315,8000.000,-74.7832,-65.7523,4.997091e-001
7 Mar 2014 23:17:50.000,23.979,1.089993,-134.322,-112.117830,-102.861321,-8.584227,8000.000,-77.6151,-68.5842,4.997900e-001
7 Mar 2014 23:18:50.000,23.979,1.089988,-135.051,-112.846995,-106.764754,-13.216824,8000.000,-82.2477,-73.2168,4.998768e-001
7 Mar 2014 23:19:50.000,23.979,1.089985,-135.965,-113.760850,-110.688458,-18.054384,8000.000,-87.0853,-78.0544,4.999294e-001
7 Mar 2014 23:20:50.000,23.979,1.089983,-136.947,-114.742365,-113.719302,-22.066742,8000.000,-91.0976,-82.0667,4.999555e-001
7 Mar 2014 23:21:50.000,23.979,1.089982,-137.924,-115.719971,-115.534270,-24.859317,8000.000,-93.8902,-84.8593,4.999678e-001
7 Mar 2014 23:22:50.000,23.979,1.089981,-138.862,-116.657298,-116.154821,-26.417195,8000.000,-95.4481,-86.4172,4.999730e-001
7 Mar 2014 23:23:50.000,23.979,1.089980,-139.743,-117.539061,-115.740757,-26.884894,8000.000,-95.9158,-86.8849,4.999745e-001
7 Mar 2014 23:24:04.143,23.979,1.089980,-139.942,-117.738224,-115.513210,-26.856510,8000.000,-95.8874,-86.8565,4.999744e-001

"Time (UTCG)","EIRP (dBW)","Rcvd. Frequency (GHz)","Rcvd. Iso. Power (dBW)","adsb_out61-To-adsb_satrcvr21121 - Flux Density (dBW/m^2)","adsb_out61-To-adsb_satrcvr21121 - g/T (dB/K)","adsb_out61-To-adsb_satrcvr21121 - C/No (dB*Hz)","Bandwidth (kHz)","C/N (dB)","Eb/No (dB)","BER"
7 Mar 2014 19:20:25.175,23.979,1.090019,-139.890,-117.685759,-115.809731,-27.100566,8000.000,-96.1315,-87.1006,4.999751e-001
7 Mar 2014 19:21:25.000,23.979,1.090018,-139.062,-116.857927,-116.398187,-26.861190,8000.000,-95.8921,-86.8612,4.999744e-001
7 Mar 2014 19:22:25.000,23.979,1.090017,-138.193,-115.989067,-116.100284,-25.694426,8000.000,-94.7253,-85.6944,4.999707e-001
7 Mar 2014 19:23:25.000,23.979,1.090016,-137.306,-115.101621,-114.826733,-23.533430,8000.000,-92.5643,-83.5334,4.999624e-001
7 Mar 2014 19:24:25.000,23.979,1.090013,-136.439,-114.235142,-112.633028,-20.473246,8000.000,-89.5041,-80.4732,4.999466e-001
7 Mar 2014 19:25:25.000,23.979,1.090010,-135.662,-113.457344,-109.856960,-16.919379,8000.000,-85.9503,-76.9194,4.999196e-001
7 Mar 2014 19:26:25.000,23.979,1.090006,-135.070,-112.865736,-107.228748,-13.699559,8000.000,-82.7305,-73.6996,4.998835e-001
7 Mar 2014 19:27:25.000,23.979,1.090002,-134.771,-112.566976,-105.730195,-11.902247,8000.000,-80.9331,-71.9022,4.998567e-001
7 Mar 2014 19:28:25.000,23.979,1.089997,-134.833,-112.628585,-106.048598,-12.282259,8000.000,-81.3132,-72.2823,4.998628e-001
7 Mar 2014 19:29:25.000,23.979,1.089992,-135.241,-113.036435,-108.032961,-14.674472,8000.000,-83.7054,-74.6745,4.998958e-001
7 Mar 2014 19:30:25.000,23.979,1.089989,-135.909,-113.704351,-110.821347,-18.130774,8000.000,-87.1617,-78.1308,4.999300e-001
7 Mar 2014 19:31:25.000,23.979,1.089986,-136.729,-114.524443,-113.469681,-21.599199,8000.000,-90.6301,-81.5992,4.999531e-001
7 Mar 2014 19:32:25.000,23.979,1.089984,-137.612,-115.407938,-115.376447,-24.389460,8000.000,-93.4204,-84.3895,4.999660e-001
7 Mar 2014 19:33:25.000,23.979,1.089982,-138.501,-116.296959,-116.312202,-26.214236,8000.000,-95.2451,-86.2142,4.999724e-001
7 Mar 2014 19:34:25.000,23.979,1.089981,-139.363,-117.159210,-116.281678,-27.045964,8000.000,-96.0769,-87.0460,4.999749e-001
7 Mar 2014 19:35:01.757,23.979,1.089981,-139.871,-117.667033,-115.831586,-27.103695,8000.000,-96.1346,-87.1037,4.999751e-001
7 Mar 2014 21:04:46.530,23.979,1.090023,-139.864,-117.659612,-115.830380,-27.095068,8000.000,-96.1260,-87.0951,4.999751e-001
7 Mar 2014 21:05:46.000,23.979,1.090023,-138.845,-116.640454,-116.397756,-26.643285,8000.000,-95.6742,-86.6433,4.999737e-001
7 Mar 2014 21:06:46.000,23.979,1.090023,-137.679,-115.474973,-115.464652,-24.544700,8000.000,-93.5756,-84.5447,4.999666e-001
7 Mar 2014 21:07:46.000,23.979,1.090023,-136.340,-114.135660,-112.298470,-20.039205,8000.000,-89.0701,-80.0392,4.999438e-001
7 Mar 2014 21:08:46.000,23.979,1.090022,-134.777,-112.573266,-105.734331,-11.912673,8000.000,-80.9436,-71.9127,4.998568e-001
7 Mar 2014 21:09:46.000,23.979,1.090022,-132.928,-110.723913,-93.856756,1.814256,8000.000,-67.2166,-58.1857,4.993048e-001
7 Mar 2014 21:10:46.000,23.979,1.090020,-130.731,-108.527127,-73.692543,24.175255,8000.000,-44.8556,-35.8247,4.908767e-001
7 Mar 2014 21:11:46.000,23.979,1.090015,-128.259,-106.055231,-42.621485,57.718208,8000.000,-11.3127,-2.2818,1.384101e-001
7 Mar 2014 21:12:46.000,23.979,1.090006,-126.269,-104.064569,-10.672656,91.657699,8000.000,22.6268,31.6577,1.000000e-030
7 Mar 2014 21:13:46.000,23.979,1.089992,-126.488,-104.283917,-14.506221,87.604787,8000.000,18.5739,27.6048,1.000000e-030
7 Mar 2014 21:14:46.000,23.979,1.089984,-128.666,-106.461872,-48.359765,51.573287,8000.000,-17.4576,-8.4267,2.959731e-001
7 Mar 2014 21:15:46.000,23.979,1.089980,-131.115,-108.910840,-77.688728,19.795356,8000.000,-49.2355,-40.2046,4.944897e-001
7 Mar 2014 21:16:46.000,23.979,1.089978,-133.253,-111.048892,-96.254284,-0.908252,8000.000,-69.9392,-60.9083,4.994918e-001
7 Mar 2014 21:17:46.000,23.979,1.089977,-135.051,-112.846509,-107.086804,-13.538389,8000.000,-82.5693,-73.5384,4.998813e-001
7 Mar 2014 21:18:46.000,23.979,1.089977,-136.573,-114.368367,-112.987704,-20.961147,8000.000,-89.9920,-80.9611,4.999495e-001
7 Mar 2014 21:19:46.000,23.979,1.089977,-137.880,-115.676231,-115.723287,-25.004594,8000.000,-94.0355,-85.0046,4.999683e-001
7 Mar 2014 21:20:46.000,23.979,1.089977,-139.021,-116.816964,-116.368444,-26.790484,8000.000,-95.8214,-86.7905,4.999742e-001
7 Mar 2014 21:21:37.788,23.979,1.089977,-139.898,-117.693737,-115.765575,-27.064388,8000.000,-96.0953,-87.0644,4.999750e-001
7 Mar 2014 22:51:00.748,23.979,1.090021,-139.869,-117.664710,-115.678681,-26.948467,8000.000,-95.9794,-86.9485,4.999746e-001
7 Mar 2014 22:52:00.000,23.979,1.090020,-138.974,-116.770131,-116.234197,-26.609403,8000.000,-95.6403,-86.6094,4.999736e-001
7 Mar 2014 22:53:00.000,23.979,1.090019,-137.998,-115.793682,-115.703802,-25.102560,8000.000,-94.1335,-85.1026,4.999686e-001
7 Mar 2014 22:54:00.000,23.979,1.090018,-136.957,-114.752728,-113.828403,-22.186207,8000.000,-91.2171,-82.1862,4.999561e-001
7 Mar 2014 22:55:00.000,23.979,1.090016,-135.876,-113.671511,-110.437352,-17.713940,8000.000,-86.7448,-77.7139,4.999266e-001
7 Mar 2014 22:56:00.000,23.979,1.090014,-134.813,-112.609034,-105.652215,-11.866324,8000.000,-80.8972,-71.8663,4.998561e-001
7 Mar 2014 22:57:00.000,23.979,1.090010,-133.885,-111.681091,-100.272455,-5.558623,8000.000,-74.5895,-65.5586,4.997025e-001
7 Mar 2014 22:58:00.000,23.979,1.090004,-133.268,-111.063922,-96.061358,-0.730356,8000.000,-69.7613,-60.7304,4.994813e-001
7 Mar 2014 22:59:00.000,23.979,1.089998,-133.134,-110.929954,-95.075745,0.389226,8000.000,-68.6417,-59.6108,4.994100e-001
7 Mar 2014 23:00:00.000,23.979,1.089993,-133.528,-111.323474,-97.882617,-2.811166,8000.000,-71.8421,-62.8112,4.995918e-001
7 Mar 2014 23:01:00.000,23.979,1.089988,-134.325,-112.120625,-102.941295,-8.666996,8000.000,-77.6979,-68.6670,4.997920e-001
7 Mar 2014 23:02:00.000,23.979,1.089985,-135.338,-113.133344,-108.168378,-14.906797,8000.000,-83.9377,-74.9068,4.998986e-001
7 Mar 2014 23:03:00.000,23.979,1.089983,-136.418,-114.213540,-112.290845,-20.109461,8000.000,-89.1404,-80.1095,4.999443e-001
7 Mar 2014 23:04:00.000,23.979,1.089981,-137.481,-115.276805,-114.907461,-23.789342,8000.000,-92.8202,-83.7893,4.999635e-001
7 Mar 2014 23:05:00.000,23.979,1.089980,-138.489,-116.284425,-116.081943,-25.971443,8000.000,-95.0023,-85.9714,4.999716e-001
7 Mar 2014 23:06:00.000,23.979,1.089980,-139.427,-117.222776,-116.039417,-26.867268,8000.000,-95.8982,-86.8673,4.999744e-001
7 Mar 2014 23:06:34.646,23.979,1.089979,-139.936,-117.732180,-115.557573,-26.894829,8000.000,-95.9257,-86.8948,4.999745e-001

"Time (UTCG)","EIRP (dBW)","Rcvd. Frequency (GHz)","Rcvd. Iso. Power (dBW)","adsb_out61-To-ADSB_sat_rx41 - Flux Density (dBW/m^2)","adsb_out61-To-ADSB_sat_rx41 - g/T (dB/K)","adsb_out61-To-ADSB_sat_rx41 - C/No (dB*Hz)","Bandwidth (kHz)","C/N (dB)","Eb/No (dB)","BER"
7 Mar 2014 16:47:00.000,23.979,1.090014,-129.999,-107.795014,20.000000,118.599911,8000.000,49.5690,58.5999,1.000000e-030
7 Mar 2014 16:48:00.000,23.979,1.090006,-128.530,-106.326080,20.000000,120.068845,8000.000,51.0379,60.0688,1.000000e-030
7 Mar 2014 16:49:00.000,23.979,1.089996,-128.386,-106.181545,20.000000,120.213380,8000.000,51.1825,60.2134,1.000000e-030
7 Mar 2014 16:50:00.000,23.979,1.089987,-129.683,-107.479215,20.000000,118.915709,8000.000,49.8848,58.9157,1.000000e-030
7 Mar 2014 16:51:00.000,23.979,1.089982,-131.560,-109.355964,20.000000,117.038960,8000.000,48.0081,57.0390,1.000000e-030
7 Mar 2014 16:52:00.000,23.979,1.089980,-133.415,-111.210550,20.000000,115.184374,8000.000,46.1535,55.1844,1.000000e-030
7 Mar 2014 16:53:00.000,23.979,1.089979,-135.073,-112.868506,20.000000,113.526419,8000.000,44.4955,53.5264,1.000000e-030
7 Mar 2014 16:54:00.000,23.979,1.089978,-136.522,-114.318056,20.000000,112.076869,8000.000,43.0460,52.0769,1.000000e-030
7 Mar 2014 16:55:00.000,23.979,1.089978,-137.791,-115.586592,20.000000,110.808333,8000.000,41.7774,50.8083,1.000000e-030
7 Mar 2014 16:56:00.000,23.979,1.089978,-138.909,-116.705146,20.000000,109.689778,8000.000,40.6589,49.6898,1.000000e-030
7 Mar 2014 16:56:58.770,23.979,1.089978,-139.885,-117.680940,20.000000,108.713984,8000.000,39.6831,48.7140,1.000000e-030
7 Mar 2014 18:25:26.438,23.979,1.090017,-139.872,-117.667301,20.000000,108.727623,8000.000,39.6967,48.7276,1.000000e-030
7 Mar 2014 18:26:26.000,23.979,1.090016,-139.151,-116.946661,20.000000,109.448263,8000.000,40.4174,49.4483,1.000000e-030
7 Mar 2014 18:27:26.000,23.979,1.090014,-138.438,-116.234091,20.000000,110.160833,8000.000,41.1299,50.1608,1.000000e-030
7 Mar 2014 18:28:26.000,23.979,1.090012,-137.775,-115.570951,20.000000,110.823973,8000.000,41.7931,50.8240,1.000000e-030
7 Mar 2014 18:29:26.000,23.979,1.090009,-137.212,-115.007626,20.000000,111.387299,8000.000,42.3564,51.3873,1.000000e-030
7 Mar 2014 18:30:26.000,23.979,1.090005,-136.808,-114.604160,20.000000,111.790765,8000.000,42.7599,51.7908,1.000000e-030
7 Mar 2014 18:31:26.000,23.979,1.090001,-136.620,-114.415920,20.000000,111.979005,8000.000,42.9481,51.9790,1.000000e-030
7 Mar 2014 18:32:26.000,23.979,1.089997,-136.677,-114.472789,20.000000,111.922135,8000.000,42.8912,51.9221,1.000000e-030
7 Mar 2014 18:33:26.000,23.979,1.089993,-136.969,-114.765150,20.000000,111.629774,8000.000,42.5989,51.6298,1.000000e-030
7 Mar 2014 18:34:26.000,23.979,1.089990,-137.453,-115.248600,20.000000,111.146325,8000.000,42.1154,51.1463,1.000000e-030
7 Mar 2014 18:35:26.000,23.979,1.089987,-138.067,-115.863172,20.000000,110.531753,8000.000,41.5009,50.5318,1.000000e-030
7 Mar 2014 18:36:26.000,23.979,1.089985,-138.756,-116.552207,20.000000,109.842717,8000.000,40.8118,49.8427,1.000000e-030
7 Mar 2014 18:37:26.000,23.979,1.089984,-139.476,-117.271946,20.000000,109.122979,8000.000,40.0921,49.1230,1.000000e-030
7 Mar 2014 18:38:00.998,23.979,1.089983,-139.898,-117.693663,20.000000,108.701261,8000.000,39.6704,48.7013,1.000000e-030

"Time (UTCG)","EIRP (dBW)","Rcvd. Frequency (GHz)","Rcvd. Iso. Power (dBW)","adsb_out61-To-ADSB_sat_rx4 - Flux Density (dBW/m^2)","adsb_out61-To-ADSB_sat_rx4 - g/T (dB/K)","adsb_out61-To-ADSB_sat_rx4 - C/No (dB*Hz)","Bandwidth (kHz)","C/N (dB)","Eb/No (dB)","BER"
7 Mar 2014 18:07:31.820,23.979,1.090019,-139.871,-117.666350,20.000000,108.728575,8000.000,39.6977,48.7286,1.000000e-030
7 Mar 2014 18:08:31.000,23.979,1.090016,-139.104,-116.899887,20.000000,109.495038,8000.000,40.4641,49.4950,1.000000e-030
7 Mar 2014 18:09:31.000,23.979,1.090015,-138.351,-116.146468,20.000000,110.248457,8000.000,41.2176,50.2485,1.000000e-030
7 Mar 2014 18:10:31.000,23.979,1.090013,-137.623,-115.419203,20.000000,110.975721,8000.000,41.9448,50.9757,1.000000e-030
7 Mar 2014 18:11:31.000,23.979,1.090010,-136.968,-114.763687,20.000000,111.631237,8000.000,42.6003,51.6312,1.000000e-030
7 Mar 2014 18:12:31.000,23.979,1.090007,-136.445,-114.240867,20.000000,112.154057,8000.000,43.1232,52.1541,1.000000e-030
7 Mar 2014 18:13:31.000,23.979,1.090003,-136.121,-113.917284,20.000000,112.477641,8000.000,43.4467,52.4776,1.000000e-030
7 Mar 2014 18:14:31.000,23.979,1.089999,-136.048,-113.843791,20.000000,112.551133,8000.000,43.5202,52.5511,1.000000e-030
7 Mar 2014 18:15:31.000,23.979,1.089996,-136.215,-114.010405,20.000000,112.384519,8000.000,43.3536,52.3845,1.000000e-030
7 Mar 2014 18:16:31.000,23.979,1.089992,-136.614,-114.410250,20.000000,111.984674,8000.000,42.9538,51.9847,1.000000e-030
7 Mar 2014 18:17:31.000,23.979,1.089988,-137.204,-115.000027,20.000000,111.394898,8000.000,42.3640,51.3949,1.000000e-030
7 Mar 2014 18:18:31.000,23.979,1.089986,-137.911,-115.706542,20.000000,110.688382,8000.000,41.6575,50.6884,1.000000e-030
7 Mar 2014 18:19:31.000,23.979,1.089984,-138.673,-116.468433,20.000000,109.926492,8000.000,40.8956,49.9265,1.000000e-030
7 Mar 2014 18:20:31.000,23.979,1.089983,-139.447,-117.242842,20.000000,109.152082,8000.000,40.1212,49.1521,1.000000e-030
7 Mar 2014 18:21:06.078,23.979,1.089982,-139.895,-117.690305,20.000000,108.704619,8000.000,39.6737,48.7046,1.000000e-030

"Time (UTCG)","EIRP (dBW)","Rcvd. Frequency (GHz)","Rcvd. Iso. Power (dBW)","adsb_out61-To-ADSB_sat_rx42 - Flux Density (dBW/m^2)","adsb_out61-To-ADSB_sat_rx42 - g/T (dB/K)","adsb_out61-To-ADSB_sat_rx42 - C/No (dB*Hz)","Bandwidth (kHz)","C/N (dB)","Eb/No (dB)","BER"
7 Mar 2014 17:50:29.360,23.979,1.090020,-139.870,-117.665378,20.000000,108.729546,8000.000,39.6986,48.7295,1.000000e-030
7 Mar 2014 17:51:29.000,23.979,1.090019,-139.000,-116.796261,20.000000,109.598663,8000.000,40.5678,49.5987,1.000000e-030
7 Mar 2014 17:52:29.000,23.979,1.090018,-138.090,-115.885489,20.000000,110.509435,8000.000,41.4785,50.5094,1.000000e-030
7 Mar 2014 17:53:29.000,23.979,1.090016,-137.170,-114.966272,20.000000,111.428653,8000.000,42.3978,51.4287,1.000000e-030
7 Mar 2014 17:54:29.000,23.979,1.090013,-136.297,-114.092452,20.000000,112.302472,8000.000,43.2716,52.3025,1.000000e-030
7 Mar 2014 17:55:29.000,23.979,1.090009,-135.557,-113.352365,20.000000,113.042560,8000.000,44.0117,53.0426,1.000000e-030
7 Mar 2014 17:56:29.000,23.979,1.090004,-135.067,-112.862549,20.000000,113.532376,8000.000,44.5015,53.5324,1.000000e-030
7 Mar 2014 17:57:29.000,23.979,1.089999,-134.933,-112.728323,20.000000,113.666602,8000.000,44.6357,53.6666,1.000000e-030
7 Mar 2014 17:58:29.000,23.979,1.089994,-135.187,-112.982947,20.000000,113.411978,8000.000,44.3811,53.4120,1.000000e-030
7 Mar 2014 17:59:29.000,23.979,1.089990,-135.768,-113.564052,20.000000,112.830872,8000.000,43.8000,52.8309,1.000000e-030
7 Mar 2014 18:00:29.000,23.979,1.089986,-136.560,-114.356185,20.000000,112.038739,8000.000,43.0078,52.0387,1.000000e-030
7 Mar 2014 18:01:29.000,23.979,1.089984,-137.454,-115.249485,20.000000,111.145439,8000.000,42.1145,51.1454,1.000000e-030
7 Mar 2014 18:02:29.000,23.979,1.089982,-138.371,-116.167243,20.000000,110.227682,8000.000,41.1968,50.2277,1.000000e-030
7 Mar 2014 18:03:29.000,23.979,1.089980,-139.269,-117.065152,20.000000,109.329772,8000.000,40.2989,49.3298,1.000000e-030
7 Mar 2014 18:04:12.255,23.979,1.089980,-139.891,-117.687182,20.000000,108.707743,8000.000,39.6768,48.7077,1.000000e-030

"Time (UTCG)","EIRP (dBW)","Rcvd. Frequency (GHz)","Rcvd. Iso. Power (dBW)","adsb_out61-To-ADSB_sat_rx421 - Flux Density (dBW/m^2)","adsb_out61-To-ADSB_sat_rx421 - g/T (dB/K)","adsb_out61-To-ADSB_sat_rx421 - C/No (dB*Hz)","Bandwidth (kHz)","C/N (dB)","Eb/No (dB)","BER"
7 Mar 2014 17:33:30.496,23.979,1.090021,-139.869,-117.664496,20.000000,108.730428,8000.000,39.6995,48.7304,1.000000e-030
7 Mar 2014 17:34:30.000,23.979,1.090020,-138.952,-116.748055,20.000000,109.646869,8000.000,40.6160,49.6469,1.000000e-030
7 Mar 2014 17:35:30.000,23.979,1.090019,-137.968,-115.763693,20.000000,110.631232,8000.000,41.6003,50.6312,1.000000e-030
7 Mar 2014 17:36:30.000,23.979,1.090018,-136.941,-114.737173,20.000000,111.657751,8000.000,42.6269,51.6578,1.000000e-030
7 Mar 2014 17:37:30.000,23.979,1.090015,-135.917,-113.713214,20.000000,112.681710,8000.000,43.6508,52.6817,1.000000e-030
7 Mar 2014 17:38:30.000,23.979,1.090011,-134.985,-112.780502,20.000000,113.614422,8000.000,44.5835,53.6144,1.000000e-030
7 Mar 2014 17:39:30.000,23.979,1.090007,-134.286,-112.081359,20.000000,114.313566,8000.000,45.2827,54.3136,1.000000e-030
7 Mar 2014 17:40:30.000,23.979,1.090001,-133.983,-111.778634,20.000000,114.616291,8000.000,45.5854,54.6163,1.000000e-030
7 Mar 2014 17:41:30.000,23.979,1.089995,-134.166,-111.961750,20.000000,114.433174,8000.000,45.4023,54.4332,1.000000e-030
7 Mar 2014 17:42:30.000,23.979,1.089990,-134.779,-112.574456,20.000000,113.820468,8000.000,44.7896,53.8205,1.000000e-030
7 Mar 2014 17:43:30.000,23.979,1.089986,-135.666,-113.461824,20.000000,112.933101,8000.000,43.9022,52.9331,1.000000e-030
7 Mar 2014 17:44:30.000,23.979,1.089983,-136.675,-114.470818,20.000000,111.924106,8000.000,42.8932,51.9241,1.000000e-030
7 Mar 2014 17:45:30.000,23.979,1.089981,-137.704,-115.499489,20.000000,110.895435,8000.000,41.8645,50.8954,1.000000e-030
7 Mar 2014 17:46:30.000,23.979,1.089980,-138.698,-116.493970,20.000000,109.900954,8000.000,40.8701,49.9010,1.000000e-030
7 Mar 2014 17:47:30.000,23.979,1.089979,-139.635,-117.430797,20.000000,108.964127,8000.000,39.9332,48.9641,1.000000e-030
7 Mar 2014 17:47:47.224,23.979,1.089979,-139.892,-117.687798,20.000000,108.707126,8000.000,39.6762,48.7071,1.000000e-030

"Time (UTCG)","EIRP (dBW)","Rcvd. Frequency (GHz)","Rcvd. Iso. Power (dBW)","adsb_out61-To-ADSB_sat_rx422 - Flux Density (dBW/m^2)","adsb_out61-To-ADSB_sat_rx422 - g/T (dB/K)","adsb_out61-To-ADSB_sat_rx422 - C/No (dB*Hz)","Bandwidth (kHz)","C/N (dB)","Eb/No (dB)","BER"
7 Mar 2014 17:16:10.841,23.979,1.090021,-139.868,-117.664145,20.000000,108.730779,8000.000,39.6999,48.7308,1.000000e-030
7 Mar 2014 17:17:10.000,23.979,1.090020,-138.976,-116.771647,20.000000,109.623277,8000.000,40.5924,49.6233,1.000000e-030
7 Mar 2014 17:18:10.000,23.979,1.090019,-138.000,-115.795476,20.000000,110.599448,8000.000,41.5685,50.5994,1.000000e-030
7 Mar 2014 17:19:10.000,23.979,1.090018,-136.958,-114.753637,20.000000,111.641287,8000.000,42.6104,51.6413,1.000000e-030
7 Mar 2014 17:20:10.000,23.979,1.090016,-135.873,-113.669062,20.000000,112.725863,8000.000,43.6950,52.7259,1.000000e-030
7 Mar 2014 17:21:10.000,23.979,1.090014,-134.803,-112.598561,20.000000,113.796363,8000.000,44.7655,53.7964,1.000000e-030
7 Mar 2014 17:22:10.000,23.979,1.090011,-133.836,-111.632114,20.000000,114.762810,8000.000,45.7319,54.7628,1.000000e-030
7 Mar 2014 17:23:10.000,23.979,1.090005,-133.121,-110.916687,20.000000,115.478238,8000.000,46.4473,55.4782,1.000000e-030
7 Mar 2014 17:24:10.000,23.979,1.089998,-132.955,-110.750606,20.000000,115.644318,8000.000,46.6134,55.6443,1.000000e-030
7 Mar 2014 17:25:10.000,23.979,1.089992,-133.401,-111.196507,20.000000,115.198418,8000.000,46.1675,55.1984,1.000000e-030
7 Mar 2014 17:26:10.000,23.979,1.089987,-134.299,-112.094990,20.000000,114.299934,8000.000,45.2690,54.2999,1.000000e-030
7 Mar 2014 17:27:10.000,23.979,1.089983,-135.417,-113.213002,20.000000,113.181922,8000.000,44.1510,53.1819,1.000000e-030
7 Mar 2014 17:28:10.000,23.979,1.089981,-136.585,-114.380733,20.000000,112.014191,8000.000,42.9833,52.0142,1.000000e-030
7 Mar 2014 17:29:10.000,23.979,1.089980,-137.715,-115.510444,20.000000,110.884480,8000.000,41.8536,50.8845,1.000000e-030
7 Mar 2014 17:30:10.000,23.979,1.089979,-138.771,-116.566853,20.000000,109.828072,8000.000,40.7972,49.8281,1.000000e-030
7 Mar 2014 17:31:10.000,23.979,1.089978,-139.745,-117.540719,20.000000,108.854205,8000.000,39.8233,48.8542,1.000000e-030
7 Mar 2014 17:31:19.554,23.979,1.089978,-139.892,-117.688228,20.000000,108.706696,8000.000,39.6758,48.7067,1.000000e-030
7 Mar 2014 19:00:58.649,23.979,1.090012,-139.876,-117.672002,20.000000,108.722923,8000.000,39.6920,48.7229,1.000000e-030
7 Mar 2014 19:01:58.000,23.979,1.090010,-139.407,-117.202856,20.000000,109.192068,8000.000,40.1612,49.1921,1.000000e-030
7 Mar 2014 19:02:58.000,23.979,1.090007,-139.024,-116.819502,20.000000,109.575422,8000.000,40.5445,49.5754,1.000000e-030
7 Mar 2014 19:03:58.000,23.979,1.090004,-138.763,-116.559093,20.000000,109.835832,8000.000,40.8049,49.8358,1.000000e-030
7 Mar 2014 19:04:58.000,23.979,1.090001,-138.651,-116.446829,20.000000,109.948095,8000.000,40.9172,49.9481,1.000000e-030
7 Mar 2014 19:05:58.000,23.979,1.089997,-138.698,-116.494246,20.000000,109.900678,8000.000,40.8698,49.9007,1.000000e-030
7 Mar 2014 19:06:58.000,23.979,1.089994,-138.900,-116.695408,20.000000,109.699517,8000.000,40.6686,49.6995,1.000000e-030
7 Mar 2014 19:07:58.000,23.979,1.089991,-139.233,-117.028903,20.000000,109.366021,8000.000,40.3351,49.3660,1.000000e-030
7 Mar 2014 19:08:58.000,23.979,1.089989,-139.669,-117.464367,20.000000,108.930557,8000.000,39.8997,48.9306,1.000000e-030
7 Mar 2014 19:09:25.312,23.979,1.089988,-139.892,-117.687607,20.000000,108.707318,8000.000,39.6764,48.7073,1.000000e-030

"Time (UTCG)","EIRP (dBW)","Rcvd. Frequency (GHz)","Rcvd. Iso. Power (dBW)","adsb_out61-To-ADSB_sat_rx4221 - Flux Density (dBW/m^2)","adsb_out61-To-ADSB_sat_rx4221 - g/T (dB/K)","adsb_out61-To-ADSB_sat_rx4221 - C/No (dB*Hz)","Bandwidth (kHz)","C/N (dB)","Eb/No (dB)","BER"
7 Mar 2014 16:58:07.503,23.979,1.090022,-139.870,-117.665766,20.000000,108.729159,8000.000,39.6983,48.7292,1.000000e-030
7 Mar 2014 16:59:07.000,23.979,1.090022,-138.913,-116.709169,20.000000,109.685756,8000.000,40.6549,49.6858,1.000000e-030
7 Mar 2014 17:00:07.000,23.979,1.090021,-137.847,-115.642378,20.000000,110.752546,8000.000,41.7216,50.7525,1.000000e-030
7 Mar 2014 17:01:07.000,23.979,1.090020,-136.666,-114.461387,20.000000,111.933538,8000.000,42.9026,51.9335,1.000000e-030
7 Mar 2014 17:02:07.000,23.979,1.090019,-135.367,-113.162421,20.000000,113.232503,8000.000,44.2016,53.2325,1.000000e-030
7 Mar 2014 17:03:07.000,23.979,1.090017,-133.972,-111.767640,20.000000,114.627284,8000.000,45.5964,54.6273,1.000000e-030
7 Mar 2014 17:04:07.000,23.979,1.090014,-132.572,-110.367639,20.000000,116.027285,8000.000,46.9964,56.0273,1.000000e-030
7 Mar 2014 17:05:07.000,23.979,1.090008,-131.398,-109.193900,20.000000,117.201025,8000.000,48.1701,57.2010,1.000000e-030
7 Mar 2014 17:06:07.000,23.979,1.090001,-130.836,-108.632070,20.000000,117.762854,8000.000,48.7320,57.7629,1.000000e-030
7 Mar 2014 17:07:07.000,23.979,1.089994,-131.159,-108.954861,20.000000,117.440064,8000.000,48.4092,57.4401,1.000000e-030
7 Mar 2014 17:08:07.000,23.979,1.089988,-132.200,-109.996164,20.000000,116.398760,8000.000,47.3679,56.3988,1.000000e-030
7 Mar 2014 17:09:07.000,23.979,1.089984,-133.565,-111.360377,20.000000,115.034547,8000.000,46.0036,55.0345,1.000000e-030
7 Mar 2014 17:10:07.000,23.979,1.089981,-134.971,-112.766435,20.000000,113.628489,8000.000,44.5976,53.6285,1.000000e-030
7 Mar 2014 17:11:07.000,23.979,1.089980,-136.297,-114.092373,20.000000,112.302551,8000.000,43.2717,52.3026,1.000000e-030
7 Mar 2014 17:12:07.000,23.979,1.089979,-137.507,-115.302686,20.000000,111.092238,8000.000,42.0613,51.0922,1.000000e-030
7 Mar 2014 17:13:07.000,23.979,1.089979,-138.601,-116.396482,20.000000,109.998443,8000.000,40.9675,49.9984,1.000000e-030
7 Mar 2014 17:14:07.000,23.979,1.089978,-139.588,-117.384245,20.000000,109.010680,8000.000,39.9798,49.0107,1.000000e-030
7 Mar 2014 17:14:26.605,23.979,1.089978,-139.890,-117.686196,20.000000,108.708728,8000.000,39.6778,48.7087,1.000000e-030
7 Mar 2014 18:42:58.348,23.979,1.090016,-139.873,-117.668709,20.000000,108.726216,8000.000,39.6953,48.7262,1.000000e-030
7 Mar 2014 18:43:58.000,23.979,1.090015,-139.199,-116.994850,20.000000,109.400074,8000.000,40.3692,49.4001,1.000000e-030
7 Mar 2014 18:44:58.000,23.979,1.090013,-138.551,-116.346287,20.000000,110.048638,8000.000,41.0177,50.0486,1.000000e-030
7 Mar 2014 18:45:58.000,23.979,1.090010,-137.968,-115.764132,20.000000,110.630792,8000.000,41.5999,50.6308,1.000000e-030
7 Mar 2014 18:46:58.000,23.979,1.090007,-137.500,-115.295773,20.000000,111.099151,8000.000,42.0683,51.0992,1.000000e-030
7 Mar 2014 18:47:58.000,23.979,1.090004,-137.196,-114.991839,20.000000,111.403086,8000.000,42.3722,51.4031,1.000000e-030
7 Mar 2014 18:48:58.000,23.979,1.090000,-137.097,-114.892415,20.000000,111.502509,8000.000,42.4716,51.5025,1.000000e-030
7 Mar 2014 18:49:58.000,23.979,1.089995,-137.282,-115.078227,20.000000,111.316698,8000.000,42.2858,51.3167,1.000000e-030
7 Mar 2014 18:50:58.000,23.979,1.089991,-137.686,-115.481330,20.000000,110.913595,8000.000,41.8827,50.9136,1.000000e-030
7 Mar 2014 18:51:58.000,23.979,1.089988,-138.238,-116.034015,20.000000,110.360910,8000.000,41.3300,50.3609,1.000000e-030
7 Mar 2014 18:52:58.000,23.979,1.089986,-138.884,-116.679729,20.000000,109.715196,8000.000,40.6843,49.7152,1.000000e-030
7 Mar 2014 18:53:58.000,23.979,1.089984,-139.576,-117.371350,20.000000,109.023574,8000.000,39.9927,49.0236,1.000000e-030
7 Mar 2014 18:54:25.496,23.979,1.089983,-139.898,-117.693907,20.000000,108.701018,8000.000,39.6701,48.7010,1.000000e-030

"Time (UTCG)","EIRP (dBW)","Rcvd. Frequency (GHz)","Rcvd. Iso. Power (dBW)","adsb_out61-To-ADSB_sat_rx91 - Flux Density (dBW/m^2)","adsb_out61-To-ADSB_sat_rx91 - g/T (dB/K)","adsb_out61-To-ADSB_sat_rx91 - C/No (dB*Hz)","Bandwidth (kHz)","C/N (dB)","Eb/No (dB)","BER"
7 Mar 2014 23:05:00.051,23.979,1.090023,-139.935,-117.730850,20.000000,108.664074,8000.000,39.6332,48.6641,1.000000e-030
7 Mar 2014 23:06:00.000,23.979,1.090023,-138.917,-116.712424,20.000000,109.682500,8000.000,40.6516,49.6825,1.000000e-030
7 Mar 2014 23:07:00.000,23.979,1.090022,-137.781,-115.576517,20.000000,110.818408,8000.000,41.7875,50.8184,1.000000e-030
7 Mar 2014 23:08:00.000,23.979,1.090022,-136.514,-114.309728,20.000000,112.085196,8000.000,43.0543,52.0852,1.000000e-030
7 Mar 2014 23:09:00.000,23.979,1.090020,-135.113,-112.908953,20.000000,113.485972,8000.000,44.4551,53.4860,1.000000e-030
7 Mar 2014 23:10:00.000,23.979,1.090018,-133.614,-111.409547,20.000000,114.985377,8000.000,45.9545,54.9854,1.000000e-030
7 Mar 2014 23:11:00.000,23.979,1.090013,-132.156,-109.951351,20.000000,116.443573,8000.000,47.4127,56.4436,1.000000e-030
7 Mar 2014 23:12:00.000,23.979,1.090006,-131.081,-108.876749,20.000000,117.518175,8000.000,48.4873,57.5182,1.000000e-030
7 Mar 2014 23:13:00.000,23.979,1.089997,-130.863,-108.659018,20.000000,117.735906,8000.000,48.7050,57.7359,1.000000e-030
7 Mar 2014 23:14:00.000,23.979,1.089989,-131.630,-109.425393,20.000000,116.969532,8000.000,47.9386,56.9695,1.000000e-030
7 Mar 2014 23:15:00.000,23.979,1.089984,-132.985,-110.780994,20.000000,115.613930,8000.000,46.5830,55.6139,1.000000e-030
7 Mar 2014 23:16:00.000,23.979,1.089981,-134.499,-112.294742,20.000000,114.100183,8000.000,45.0693,54.1002,1.000000e-030
7 Mar 2014 23:17:00.000,23.979,1.089979,-135.955,-113.750914,20.000000,112.644010,8000.000,43.6131,52.6440,1.000000e-030
7 Mar 2014 23:18:00.000,23.979,1.089978,-137.285,-115.080747,20.000000,111.314177,8000.000,42.2833,51.3142,1.000000e-030
7 Mar 2014 23:19:00.000,23.979,1.089977,-138.480,-116.275994,20.000000,110.118930,8000.000,41.0880,50.1189,1.000000e-030
7 Mar 2014 23:20:00.000,23.979,1.089977,-139.552,-117.347983,20.000000,109.046941,8000.000,40.0160,49.0469,1.000000e-030
7 Mar 2014 23:20:18.773,23.979,1.089977,-139.865,-117.660556,20.000000,108.734368,8000.000,39.7035,48.7344,1.000000e-030

"Time (UTCG)","EIRP (dBW)","Rcvd. Frequency (GHz)","Rcvd. Iso. Power (dBW)","adsb_out61-To-ADSB_sat_rx92 - Flux Density (dBW/m^2)","adsb_out61-To-ADSB_sat_rx92 - g/T (dB/K)","adsb_out61-To-ADSB_sat_rx92 - C/No (dB*Hz)","Bandwidth (kHz)","C/N (dB)","Eb/No (dB)","BER"
7 Mar 2014 22:48:50.593,23.979,1.090022,-139.931,-117.726796,20.000000,108.668128,8000.000,39.6372,48.6681,1.000000e-030
7 Mar 2014 22:49:50.000,23.979,1.090021,-139.001,-116.796295,20.000000,109.598629,8000.000,40.5677,49.5986,1.000000e-030
7 Mar 2014 22:50:50.000,23.979,1.090020,-137.987,-115.782763,20.000000,110.612161,8000.000,41.5813,50.6122,1.000000e-030
7 Mar 2014 22:51:50.000,23.979,1.090019,-136.910,-114.706055,20.000000,111.688870,8000.000,42.6580,51.6889,1.000000e-030
7 Mar 2014 22:52:50.000,23.979,1.090016,-135.805,-113.601136,20.000000,112.793788,8000.000,43.7629,52.7938,1.000000e-030
7 Mar 2014 22:53:50.000,23.979,1.090013,-134.753,-112.548759,20.000000,113.846166,8000.000,44.8153,53.8462,1.000000e-030
7 Mar 2014 22:54:50.000,23.979,1.090008,-133.902,-111.697958,20.000000,114.696966,8000.000,45.6661,54.6970,1.000000e-030
7 Mar 2014 22:55:50.000,23.979,1.090002,-133.454,-111.249471,20.000000,115.145454,8000.000,46.1146,55.1455,1.000000e-030
7 Mar 2014 22:56:50.000,23.979,1.089996,-133.553,-111.348821,20.000000,115.046104,8000.000,46.0152,55.0461,1.000000e-030
7 Mar 2014 22:57:50.000,23.979,1.089990,-134.167,-111.962540,20.000000,114.432385,8000.000,45.4015,54.4324,1.000000e-030
7 Mar 2014 22:58:50.000,23.979,1.089986,-135.114,-112.909593,20.000000,113.485331,8000.000,44.4544,53.4853,1.000000e-030
7 Mar 2014 22:59:50.000,23.979,1.089983,-136.204,-113.999701,20.000000,112.395223,8000.000,43.3643,52.3952,1.000000e-030
7 Mar 2014 23:00:50.000,23.979,1.089981,-137.312,-115.108283,20.000000,111.286641,8000.000,42.2557,51.2866,1.000000e-030
7 Mar 2014 23:01:50.000,23.979,1.089979,-138.377,-116.172952,20.000000,110.221972,8000.000,41.1911,50.2220,1.000000e-030
7 Mar 2014 23:02:50.000,23.979,1.089978,-139.373,-117.168847,20.000000,109.226077,8000.000,40.1952,49.2261,1.000000e-030
7 Mar 2014 23:03:21.726,23.979,1.089978,-139.869,-117.665142,20.000000,108.729783,8000.000,39.6989,48.7298,1.000000e-030

"Time (UTCG)","EIRP (dBW)","Rcvd. Frequency (GHz)","Rcvd. Iso. Power (dBW)","adsb_out61-To-ADSB_sat_rx9 - Flux Density (dBW/m^2)","adsb_out61-To-ADSB_sat_rx9 - g/T (dB/K)","adsb_out61-To-ADSB_sat_rx9 - C/No (dB*Hz)","Bandwidth (kHz)","C/N (dB)","Eb/No (dB)","BER"
7 Mar 2014 22:32:52.696,23.979,1.090019,-139.926,-117.722090,20.000000,108.672834,8000.000,39.6419,48.6728,1.000000e-030
7 Mar 2014 22:33:52.000,23.979,1.090018,-139.110,-116.905596,20.000000,109.489328,8000.000,40.4584,49.4893,1.000000e-030
7 Mar 2014 22:34:52.000,23.979,1.090017,-138.262,-116.058125,20.000000,110.336799,8000.000,41.3059,50.3368,1.000000e-030
7 Mar 2014 22:35:52.000,23.979,1.090015,-137.425,-115.220648,20.000000,111.174276,8000.000,42.1434,51.1743,1.000000e-030
7 Mar 2014 22:36:52.000,23.979,1.090012,-136.652,-114.447647,20.000000,111.947277,8000.000,42.9164,51.9473,1.000000e-030
7 Mar 2014 22:37:52.000,23.979,1.090008,-136.024,-113.820148,20.000000,112.574776,8000.000,43.5439,52.5748,1.000000e-030
7 Mar 2014 22:38:52.000,23.979,1.090003,-135.639,-113.434605,20.000000,112.960320,8000.000,43.9294,52.9603,1.000000e-030
7 Mar 2014 22:39:52.000,23.979,1.089998,-135.572,-113.368211,20.000000,113.026713,8000.000,43.9958,53.0267,1.000000e-030
7 Mar 2014 22:40:52.000,23.979,1.089994,-135.841,-113.636674,20.000000,112.758250,8000.000,43.7274,52.7582,1.000000e-030
7 Mar 2014 22:41:52.000,23.979,1.089990,-136.388,-114.184197,20.000000,112.210727,8000.000,43.1798,52.2107,1.000000e-030
7 Mar 2014 22:42:52.000,23.979,1.089986,-137.121,-114.916913,20.000000,111.478011,8000.000,42.4471,51.4780,1.000000e-030
7 Mar 2014 22:43:52.000,23.979,1.089984,-137.949,-115.744717,20.000000,110.650207,8000.000,41.6193,50.6502,1.000000e-030
7 Mar 2014 22:44:52.000,23.979,1.089982,-138.806,-116.601982,20.000000,109.792942,8000.000,40.7620,49.7929,1.000000e-030
7 Mar 2014 22:45:52.000,23.979,1.089981,-139.653,-117.448449,20.000000,108.946476,8000.000,39.9156,48.9465,1.000000e-030
7 Mar 2014 22:46:08.088,23.979,1.089980,-139.875,-117.670465,20.000000,108.724459,8000.000,39.6936,48.7245,1.000000e-030

"Time (UTCG)","EIRP (dBW)","Rcvd. Frequency (GHz)","Rcvd. Iso. Power (dBW)","adsb_out61-To-ADSB_sat_rx93 - Flux Density (dBW/m^2)","adsb_out61-To-ADSB_sat_rx93 - g/T (dB/K)","adsb_out61-To-ADSB_sat_rx93 - C/No (dB*Hz)","Bandwidth (kHz)","C/N (dB)","Eb/No (dB)","BER"
7 Mar 2014 22:17:12.650,23.979,1.090016,-139.921,-117.716541,20.000000,108.678384,8000.000,39.6475,48.6784,1.000000e-030
7 Mar 2014 22:18:12.000,23.979,1.090015,-139.259,-117.055099,20.000000,109.339825,8000.000,40.3089,49.3398,1.000000e-030
7 Mar 2014 22:19:12.000,23.979,1.090012,-138.626,-116.421749,20.000000,109.973175,8000.000,40.9423,49.9732,1.000000e-030
7 Mar 2014 22:20:12.000,23.979,1.090010,-138.068,-115.863505,20.000000,110.531419,8000.000,41.5005,50.5314,1.000000e-030
7 Mar 2014 22:21:12.000,23.979,1.090007,-137.634,-115.429607,20.000000,110.965317,8000.000,41.9344,50.9653,1.000000e-030
7 Mar 2014 22:22:12.000,23.979,1.090003,-137.375,-115.170327,20.000000,111.224598,8000.000,42.1937,51.2246,1.000000e-030
7 Mar 2014 22:23:12.000,23.979,1.089999,-137.326,-115.122023,20.000000,111.272902,8000.000,42.2420,51.2729,1.000000e-030
7 Mar 2014 22:24:12.000,23.979,1.089995,-137.497,-115.292710,20.000000,111.102214,8000.000,42.0713,51.1022,1.000000e-030
7 Mar 2014 22:25:12.000,23.979,1.089992,-137.863,-115.658489,20.000000,110.736436,8000.000,41.7055,50.7364,1.000000e-030
7 Mar 2014 22:26:12.000,23.979,1.089989,-138.378,-116.173775,20.000000,110.221149,8000.000,41.1902,50.2211,1.000000e-030
7 Mar 2014 22:27:12.000,23.979,1.089986,-138.991,-116.787284,20.000000,109.607640,8000.000,40.5767,49.6076,1.000000e-030
7 Mar 2014 22:28:12.000,23.979,1.089984,-139.658,-117.454071,20.000000,108.940854,8000.000,39.9100,48.9409,1.000000e-030
7 Mar 2014 22:28:31.520,23.979,1.089984,-139.881,-117.676519,20.000000,108.718406,8000.000,39.6875,48.7184,1.000000e-030

"Time (UTCG)","EIRP (dBW)","Rcvd. Frequency (GHz)","Rcvd. Iso. Power (dBW)","adsb_out61-To-ADSB_sat_rx931 - Flux Density (dBW/m^2)","adsb_out61-To-ADSB_sat_rx931 - g/T (dB/K)","adsb_out61-To-ADSB_sat_rx931 - C/No (dB*Hz)","Bandwidth (kHz)","C/N (dB)","Eb/No (dB)","BER"
7 Mar 2014 22:02:07.345,23.979,1.090011,-139.914,-117.709604,20.000000,108.685321,8000.000,39.6544,48.6853,1.000000e-030
7 Mar 2014 22:03:07.000,23.979,1.090009,-139.476,-117.272111,20.000000,109.122814,8000.000,40.0919,49.1228,1.000000e-030
7 Mar 2014 22:04:07.000,23.979,1.090006,-139.125,-116.921162,20.000000,109.473762,8000.000,40.4429,49.4738,1.000000e-030
7 Mar 2014 22:05:07.000,23.979,1.090004,-138.893,-116.688418,20.000000,109.706507,8000.000,40.6756,49.7065,1.000000e-030
7 Mar 2014 22:06:07.000,23.979,1.090000,-138.801,-116.596562,20.000000,109.798362,8000.000,40.7675,49.7984,1.000000e-030
7 Mar 2014 22:07:07.000,23.979,1.089997,-138.860,-116.655788,20.000000,109.739137,8000.000,40.7082,49.7391,1.000000e-030
7 Mar 2014 22:08:07.000,23.979,1.089994,-139.065,-116.860587,20.000000,109.534338,8000.000,40.5034,49.5343,1.000000e-030
7 Mar 2014 22:09:07.000,23.979,1.089991,-139.396,-117.191511,20.000000,109.203413,8000.000,40.1725,49.2034,1.000000e-030
7 Mar 2014 22:10:07.000,23.979,1.089989,-139.825,-117.620823,20.000000,108.774102,8000.000,39.7432,48.7741,1.000000e-030
7 Mar 2014 22:10:14.976,23.979,1.089989,-139.888,-117.683697,20.000000,108.711228,8000.000,39.6803,48.7112,1.000000e-030
7 Mar 2014 23:37:42.618,23.979,1.090024,-139.941,-117.737269,20.000000,108.657655,8000.000,39.6268,48.6577,1.000000e-030
7 Mar 2014 23:38:42.000,23.979,1.090025,-138.866,-116.661519,20.000000,109.733405,8000.000,40.7025,49.7334,1.000000e-030
7 Mar 2014 23:39:42.000,23.979,1.090024,-137.624,-115.419821,20.000000,110.975103,8000.000,41.9442,50.9751,1.000000e-030
7 Mar 2014 23:40:42.000,23.979,1.090024,-136.183,-113.979086,20.000000,112.415839,8000.000,43.3849,52.4158,1.000000e-030
7 Mar 2014 23:41:42.000,23.979,1.090024,-134.483,-112.278820,20.000000,114.116105,8000.000,45.0852,54.1161,1.000000e-030
7 Mar 2014 23:42:42.000,23.979,1.090023,-132.446,-110.241290,20.000000,116.153634,8000.000,47.1227,56.1536,1.000000e-030
7 Mar 2014 23:43:42.000,23.979,1.090020,-130.014,-107.810088,20.000000,118.584836,8000.000,49.5539,58.5848,1.000000e-030
7 Mar 2014 23:44:42.000,23.979,1.090013,-127.421,-105.216975,20.000000,121.177950,8000.000,52.1470,61.1779,1.000000e-030
7 Mar 2014 23:45:42.000,23.979,1.090000,-126.074,-103.869389,20.000000,122.525535,8000.000,53.4946,62.5255,1.000000e-030
7 Mar 2014 23:46:42.000,23.979,1.089986,-127.498,-105.294120,20.000000,121.100804,8000.000,52.0699,61.1008,1.000000e-030
7 Mar 2014 23:47:42.000,23.979,1.089980,-130.100,-107.896229,20.000000,118.498695,8000.000,49.4678,58.4987,1.000000e-030
7 Mar 2014 23:48:42.000,23.979,1.089977,-132.521,-110.317025,20.000000,116.077899,8000.000,47.0470,56.0779,1.000000e-030
7 Mar 2014 23:49:42.000,23.979,1.089976,-134.548,-112.344154,20.000000,114.050770,8000.000,45.0199,54.0508,1.000000e-030
7 Mar 2014 23:50:42.000,23.979,1.089976,-136.241,-114.036584,20.000000,112.358340,8000.000,43.3274,52.3583,1.000000e-030
7 Mar 2014 23:51:42.000,23.979,1.089975,-137.676,-115.471681,20.000000,110.923244,8000.000,41.8923,50.9232,1.000000e-030
7 Mar 2014 23:52:42.000,23.979,1.089975,-138.914,-116.709340,20.000000,109.685584,8000.000,40.6547,49.6856,1.000000e-030
7 Mar 2014 23:53:33.868,23.979,1.089975,-139.858,-117.653690,20.000000,108.741234,8000.000,39.7103,48.7412,1.000000e-030

"Time (UTCG)","EIRP (dBW)","Rcvd. Frequency (GHz)","Rcvd. Iso. Power (dBW)","adsb_out61-To-ADSB_sat_rx9311 - Flux Density (dBW/m^2)","adsb_out61-To-ADSB_sat_rx9311 - g/T (dB/K)","adsb_out61-To-ADSB_sat_rx9311 - C/No (dB*Hz)","Bandwidth (kHz)","C/N (dB)","Eb/No (dB)","BER"
7 Mar 2014 23:21:17.964,23.979,1.090024,-139.939,-117.734325,20.000000,108.660599,8000.000,39.6297,48.6606,1.000000e-030
7 Mar 2014 23:22:17.000,23.979,1.090024,-138.889,-116.684724,20.000000,109.710201,8000.000,40.6793,49.7102,1.000000e-030
7 Mar 2014 23:23:17.000,23.979,1.090024,-137.679,-115.474704,20.000000,110.920221,8000.000,41.8893,50.9202,1.000000e-030
7 Mar 2014 23:24:17.000,23.979,1.090024,-136.290,-114.085535,20.000000,112.309389,8000.000,43.2785,52.3094,1.000000e-030
7 Mar 2014 23:25:17.000,23.979,1.090023,-134.679,-112.474884,20.000000,113.920041,8000.000,44.8891,53.9200,1.000000e-030
7 Mar 2014 23:26:17.000,23.979,1.090021,-132.809,-110.605063,20.000000,115.789861,8000.000,46.7590,55.7899,1.000000e-030
7 Mar 2014 23:27:17.000,23.979,1.090018,-130.711,-108.506345,20.000000,117.888579,8000.000,48.8577,57.8886,1.000000e-030
7 Mar 2014 23:28:17.000,23.979,1.090011,-128.722,-106.517540,20.000000,119.877384,8000.000,50.8465,59.8774,1.000000e-030
7 Mar 2014 23:29:17.000,23.979,1.089999,-127.878,-105.673744,20.000000,120.721180,8000.000,51.6903,60.7212,1.000000e-030
7 Mar 2014 23:30:17.000,23.979,1.089988,-128.943,-106.738770,20.000000,119.656154,8000.000,50.6253,59.6562,1.000000e-030
7 Mar 2014 23:31:17.000,23.979,1.089982,-130.990,-108.786266,20.000000,117.608658,8000.000,48.5778,57.6087,1.000000e-030
7 Mar 2014 23:32:17.000,23.979,1.089979,-133.072,-110.867510,20.000000,115.527414,8000.000,46.4965,55.5274,1.000000e-030
7 Mar 2014 23:33:17.000,23.979,1.089977,-134.911,-112.706745,20.000000,113.688179,8000.000,44.6573,53.6882,1.000000e-030
7 Mar 2014 23:34:17.000,23.979,1.089976,-136.494,-114.290084,20.000000,112.104841,8000.000,43.0739,52.1048,1.000000e-030
7 Mar 2014 23:35:17.000,23.979,1.089976,-137.862,-115.657511,20.000000,110.737413,8000.000,41.7065,50.7374,1.000000e-030
7 Mar 2014 23:36:17.000,23.979,1.089976,-139.055,-116.850661,20.000000,109.544263,8000.000,40.5134,49.5443,1.000000e-030
7 Mar 2014 23:37:02.287,23.979,1.089976,-139.861,-117.656675,20.000000,108.738249,8000.000,39.7073,48.7382,1.000000e-030

